Name,Email,Phone,Zip Code
Berk,elementum.dui@nonarcu.org,1-286-988-5420,8063
Rudyard,nec@arcu.ca,1-295-274-1446,3453
Shafira,feugiat.placerat@mollis.edu,1-446-837-3752,55-271
Xandra,Mauris.magna@ac.ca,1-739-863-0889,9007
Gretchen,ante.dictum@Uttincidunt.ca,1-917-729-6789,62899
Hashim,tempus@ipsumdolor.org,1-891-909-4865,K7N 4Y3
Garrett,justo@diameudolor.org,1-816-153-1357,51165-852
Jillian,Integer.sem@Mauriseu.ca,1-533-712-6050,51407
Britanney,dui.nec.tempus@pretiumneque.edu,1-285-311-0414,96505
Orla,Cras@ridiculus.co.uk,1-138-129-7477,92436
Lucy,a.facilisis@Phasellusdapibus.ca,1-917-885-3059,1498
Nash,imperdiet.erat.nonummy@magnaa.edu,1-409-231-8303,83834
Galena,tortor.Integer.aliquam@elementumloremut.co.uk,1-327-210-0731,106734
Kitra,lorem.fringilla@risusDonecnibh.ca,1-773-667-8940,63720-146
Vladimir,neque.venenatis@acarcu.org,1-364-124-5059,40316
Stone,Proin@pharetra.edu,1-298-418-0279,43810
Lenore,tellus.sem@nisi.edu,1-108-631-0018,98007
Audra,massa@eget.net,1-760-497-4936,1956
Quynn,libero@milaciniamattis.ca,1-140-743-8034,20884
Coby,est.Nunc@ategestas.org,1-935-969-7153,09331
Dora,Duis.mi@dignissimpharetra.org,1-151-451-4545,05112
Garrison,diam@sem.org,1-530-459-6350,94827
Chaney,habitant@tellusAenean.co.uk,1-227-915-9594,16-660
Garrison,vestibulum.nec.euismod@ultrices.net,1-488-216-8685,4980
Dale,erat@penatibuset.net,1-290-290-4097,69148
Xenos,luctus@loremut.co.uk,1-917-296-3008,26646
Seth,augue.scelerisque.mollis@eu.net,1-552-598-2873,30153
Sophia,pede.Cras.vulputate@Integerurna.edu,1-831-813-9290,02340
Imelda,vulputate.risus@perinceptos.ca,1-410-293-9279,59532-784
Ava,Lorem.ipsum.dolor@eratvolutpat.com,1-510-128-9031,398886
Bert,elementum.lorem@nuncid.co.uk,1-507-456-3004,02931
Zeus,iaculis.aliquet@metusVivamuseuismod.org,1-251-755-8319,15073
September,mi.lacinia@venenatis.org,1-112-161-1510,3972AT
James,sodales.elit@erosnonenim.com,1-936-342-2467,21-829
Jermaine,dolor.tempus.non@leoelementumsem.com,1-177-224-6167,49-924
Harriet,nec@interdumenimnon.net,1-107-133-6269,739926
Anjolie,enim.condimentum.eget@aliquetmolestie.co.uk,1-166-507-3234,08758-684
Ryan,eu.eleifend@tinciduntnequevitae.edu,1-522-919-0305,5578
Tasha,gravida.mauris.ut@mattisvelit.net,1-412-252-0823,06857
Leila,enim@Maurisquis.org,1-287-222-7124,583358
Kato,mattis@convallisdolorQuisque.ca,1-304-986-6266,88469
Ainsley,amet.orci.Ut@rutrum.edu,1-306-119-4507,77203
Luke,vitae.erat.Vivamus@diam.org,1-323-431-2839,721399
Cruz,habitant@netus.co.uk,1-676-683-4693,2320
Stephen,vel.venenatis@bibendumDonecfelis.org,1-698-450-8790,1307
Jordan,blandit@congue.ca,1-481-567-1618,87666
Wayne,mauris@musProin.edu,1-995-947-4565,3998
Raymond,eget@nonummy.org,1-963-470-8765,2823
Ashely,Ut.tincidunt@Utnecurna.com,1-963-561-2009,91077
Carlos,purus.sapien.gravida@nullamagnamalesuada.co.uk,1-361-875-4338,764728
Hu,ridiculus.mus.Proin@utsemNulla.org,1-865-725-9132,IL59 6AQ
Fatima,euismod.et.commodo@et.co.uk,1-390-153-7985,620881
Kelly,Donec@Etiam.edu,1-599-846-6579,83555
Tatyana,nisi@esttempor.ca,1-503-532-8398,54270
Zenaida,Pellentesque.tincidunt.tempus@arcu.edu,1-187-188-0216,00139-127
Keelie,pede.Cum.sociis@ultricesposuere.ca,1-204-665-6767,71014
Aretha,semper@auctornon.edu,1-182-425-4316,6845
Leo,Mauris.vel@ac.co.uk,1-846-354-7661,9155
Austin,Praesent.luctus@fermentumrisusat.ca,1-902-560-4907,99011
Quon,nisi.Aenean@Nulla.com,1-809-524-4426,5122
Leslie,lacus@SuspendissesagittisNullam.ca,1-163-997-4398,240464
Brianna,mi.pede@pharetrafelis.net,1-720-507-4738,6913
Barbara,vulputate.lacus@temporarcuVestibulum.co.uk,1-944-294-4512,30313
Sophia,non.lorem@maurisaliquameu.net,1-146-625-1433,L9V 3S4
Burton,fermentum.convallis.ligula@bibendumullamcorper.edu,1-616-579-0385,8329
Flavia,massa.Vestibulum@semegetmassa.co.uk,1-646-682-5610,552217
Ignatius,at.auctor.ullamcorper@tincidunt.org,1-411-589-0456,60915
Zorita,viverra.Maecenas@elitfermentumrisus.edu,1-834-386-6919,T7G 9L6
Maia,aliquet.diam@netus.ca,1-348-976-6648,526213
Illana,at@FuscefeugiatLorem.co.uk,1-214-810-0734,77-195
Kalia,tincidunt.pede@magnaDuis.co.uk,1-731-770-5811,74079
Daphne,nisi.magna.sed@seddictumeleifend.edu,1-828-539-6396,60809
Levi,eleifend.Cras.sed@infaucibus.co.uk,1-286-431-8556,11607
Cain,sapien.Nunc@etipsum.ca,1-530-467-8223,66875
Finn,tellus.non.magna@inhendreritconsectetuer.co.uk,1-847-800-6352,887216
Rina,dapibus.rutrum.justo@ipsumSuspendissenon.net,1-105-464-7412,424912
Madison,In.nec@tinciduntadipiscing.ca,1-158-471-4851,59000
Joy,ullamcorper@ultricies.co.uk,1-365-362-5227,32111
Rina,cursus@blandit.org,1-531-327-8574,8448
Carter,luctus.ut@Praesenteu.ca,1-142-256-9656,69631
Mikayla,mauris.sit.amet@Aeneanegestas.ca,1-455-343-6647,824336
Edan,ipsum@Duisdignissimtempor.com,1-321-901-8623,8760
John,Mauris.vestibulum.neque@tristiquesenectus.co.uk,1-294-989-3509,78592
Althea,tempus@sagittis.ca,1-270-888-2771,32886
Cameran,et@Fusce.org,1-801-277-6365,86674
Cameran,vel.arcu@tristiquepellentesquetellus.net,1-914-323-0572,30334
Ursula,ipsum.ac.mi@semperduilectus.com,1-214-774-9321,47509
Dale,metus@orciadipiscing.org,1-303-898-3549,9144
Quinlan,Curabitur.ut.odio@liberoestcongue.edu,1-370-752-2707,25-503
Lev,blandit@malesuada.com,1-208-718-8186,03310
Marsden,neque.pellentesque@Integer.co.uk,1-136-209-3378,891415
Rinah,iaculis.odio@etmagnis.com,1-784-794-5494,816418
Bruno,sagittis@primis.com,1-971-839-3544,TY7 9LH
Madeson,vel@etmagnis.ca,1-886-880-4913,11510
Myles,Proin.mi.Aliquam@tristiquealiquetPhasellus.co.uk,1-314-873-3409,98378
Keiko,congue.elit.sed@elitelitfermentum.com,1-792-945-3574,1990
Vaughan,eu.sem.Pellentesque@pretiumaliquetmetus.org,1-579-162-3470,31357
Karina,lectus.a.sollicitudin@molestie.ca,1-967-381-2948,1597
Lionel,parturient.montes.nascetur@elit.com,1-425-310-1589,C5N 1V2
Dorothy,Mauris.vestibulum@acturpisegestas.net,1-416-933-5296,S8V 3G9
Name,Email,Phone,Zip Code
Berk,elementum.dui@nonarcu.org,1-286-988-5420,8063
Rudyard,nec@arcu.ca,1-295-274-1446,3453
Shafira,feugiat.placerat@mollis.edu,1-446-837-3752,55-271
Xandra,Mauris.magna@ac.ca,1-739-863-0889,9007
Gretchen,ante.dictum@Uttincidunt.ca,1-917-729-6789,62899
Hashim,tempus@ipsumdolor.org,1-891-909-4865,K7N 4Y3
Garrett,justo@diameudolor.org,1-816-153-1357,51165-852
Jillian,Integer.sem@Mauriseu.ca,1-533-712-6050,51407
Britanney,dui.nec.tempus@pretiumneque.edu,1-285-311-0414,96505
Orla,Cras@ridiculus.co.uk,1-138-129-7477,92436
Lucy,a.facilisis@Phasellusdapibus.ca,1-917-885-3059,1498
Nash,imperdiet.erat.nonummy@magnaa.edu,1-409-231-8303,83834
Galena,tortor.Integer.aliquam@elementumloremut.co.uk,1-327-210-0731,106734
Kitra,lorem.fringilla@risusDonecnibh.ca,1-773-667-8940,63720-146
Vladimir,neque.venenatis@acarcu.org,1-364-124-5059,40316
Stone,Proin@pharetra.edu,1-298-418-0279,43810
Lenore,tellus.sem@nisi.edu,1-108-631-0018,98007
Audra,massa@eget.net,1-760-497-4936,1956
Quynn,libero@milaciniamattis.ca,1-140-743-8034,20884
Coby,est.Nunc@ategestas.org,1-935-969-7153,09331
Dora,Duis.mi@dignissimpharetra.org,1-151-451-4545,05112
Garrison,diam@sem.org,1-530-459-6350,94827
Chaney,habitant@tellusAenean.co.uk,1-227-915-9594,16-660
Garrison,vestibulum.nec.euismod@ultrices.net,1-488-216-8685,4980
Dale,erat@penatibuset.net,1-290-290-4097,69148
Xenos,luctus@loremut.co.uk,1-917-296-3008,26646
Seth,augue.scelerisque.mollis@eu.net,1-552-598-2873,30153
Sophia,pede.Cras.vulputate@Integerurna.edu,1-831-813-9290,02340
Imelda,vulputate.risus@perinceptos.ca,1-410-293-9279,59532-784
Ava,Lorem.ipsum.dolor@eratvolutpat.com,1-510-128-9031,398886
Bert,elementum.lorem@nuncid.co.uk,1-507-456-3004,02931
Zeus,iaculis.aliquet@metusVivamuseuismod.org,1-251-755-8319,15073
September,mi.lacinia@venenatis.org,1-112-161-1510,3972AT
James,sodales.elit@erosnonenim.com,1-936-342-2467,21-829
Jermaine,dolor.tempus.non@leoelementumsem.com,1-177-224-6167,49-924
Harriet,nec@interdumenimnon.net,1-107-133-6269,739926
Anjolie,enim.condimentum.eget@aliquetmolestie.co.uk,1-166-507-3234,08758-684
Ryan,eu.eleifend@tinciduntnequevitae.edu,1-522-919-0305,5578
Tasha,gravida.mauris.ut@mattisvelit.net,1-412-252-0823,06857
Leila,enim@Maurisquis.org,1-287-222-7124,583358
Kato,mattis@convallisdolorQuisque.ca,1-304-986-6266,88469
Ainsley,amet.orci.Ut@rutrum.edu,1-306-119-4507,77203
Luke,vitae.erat.Vivamus@diam.org,1-323-431-2839,721399
Cruz,habitant@netus.co.uk,1-676-683-4693,2320
Stephen,vel.venenatis@bibendumDonecfelis.org,1-698-450-8790,1307
Jordan,blandit@congue.ca,1-481-567-1618,87666
Wayne,mauris@musProin.edu,1-995-947-4565,3998
Raymond,eget@nonummy.org,1-963-470-8765,2823
Ashely,Ut.tincidunt@Utnecurna.com,1-963-561-2009,91077
Carlos,purus.sapien.gravida@nullamagnamalesuada.co.uk,1-361-875-4338,764728
Hu,ridiculus.mus.Proin@utsemNulla.org,1-865-725-9132,IL59 6AQ
Fatima,euismod.et.commodo@et.co.uk,1-390-153-7985,620881
Kelly,Donec@Etiam.edu,1-599-846-6579,83555
Tatyana,nisi@esttempor.ca,1-503-532-8398,54270
Zenaida,Pellentesque.tincidunt.tempus@arcu.edu,1-187-188-0216,00139-127
Keelie,pede.Cum.sociis@ultricesposuere.ca,1-204-665-6767,71014
Aretha,semper@auctornon.edu,1-182-425-4316,6845
Leo,Mauris.vel@ac.co.uk,1-846-354-7661,9155
Austin,Praesent.luctus@fermentumrisusat.ca,1-902-560-4907,99011
Quon,nisi.Aenean@Nulla.com,1-809-524-4426,5122
Leslie,lacus@SuspendissesagittisNullam.ca,1-163-997-4398,240464
Brianna,mi.pede@pharetrafelis.net,1-720-507-4738,6913
Barbara,vulputate.lacus@temporarcuVestibulum.co.uk,1-944-294-4512,30313
Sophia,non.lorem@maurisaliquameu.net,1-146-625-1433,L9V 3S4
Burton,fermentum.convallis.ligula@bibendumullamcorper.edu,1-616-579-0385,8329
Flavia,massa.Vestibulum@semegetmassa.co.uk,1-646-682-5610,552217
Ignatius,at.auctor.ullamcorper@tincidunt.org,1-411-589-0456,60915
Zorita,viverra.Maecenas@elitfermentumrisus.edu,1-834-386-6919,T7G 9L6
Maia,aliquet.diam@netus.ca,1-348-976-6648,526213
Illana,at@FuscefeugiatLorem.co.uk,1-214-810-0734,77-195
Kalia,tincidunt.pede@magnaDuis.co.uk,1-731-770-5811,74079
Daphne,nisi.magna.sed@seddictumeleifend.edu,1-828-539-6396,60809
Levi,eleifend.Cras.sed@infaucibus.co.uk,1-286-431-8556,11607
Cain,sapien.Nunc@etipsum.ca,1-530-467-8223,66875
Finn,tellus.non.magna@inhendreritconsectetuer.co.uk,1-847-800-6352,887216
Rina,dapibus.rutrum.justo@ipsumSuspendissenon.net,1-105-464-7412,424912
Madison,In.nec@tinciduntadipiscing.ca,1-158-471-4851,59000
Joy,ullamcorper@ultricies.co.uk,1-365-362-5227,32111
Rina,cursus@blandit.org,1-531-327-8574,8448
Carter,luctus.ut@Praesenteu.ca,1-142-256-9656,69631
Mikayla,mauris.sit.amet@Aeneanegestas.ca,1-455-343-6647,824336
Edan,ipsum@Duisdignissimtempor.com,1-321-901-8623,8760
John,Mauris.vestibulum.neque@tristiquesenectus.co.uk,1-294-989-3509,78592
Althea,tempus@sagittis.ca,1-270-888-2771,32886
Cameran,et@Fusce.org,1-801-277-6365,86674
Cameran,vel.arcu@tristiquepellentesquetellus.net,1-914-323-0572,30334
Ursula,ipsum.ac.mi@semperduilectus.com,1-214-774-9321,47509
Dale,metus@orciadipiscing.org,1-303-898-3549,9144
Quinlan,Curabitur.ut.odio@liberoestcongue.edu,1-370-752-2707,25-503
Lev,blandit@malesuada.com,1-208-718-8186,03310
Marsden,neque.pellentesque@Integer.co.uk,1-136-209-3378,891415
Rinah,iaculis.odio@etmagnis.com,1-784-794-5494,816418
Bruno,sagittis@primis.com,1-971-839-3544,TY7 9LH
Madeson,vel@etmagnis.ca,1-886-880-4913,11510
Myles,Proin.mi.Aliquam@tristiquealiquetPhasellus.co.uk,1-314-873-3409,98378
Keiko,congue.elit.sed@elitelitfermentum.com,1-792-945-3574,1990
Vaughan,eu.sem.Pellentesque@pretiumaliquetmetus.org,1-579-162-3470,31357
Karina,lectus.a.sollicitudin@molestie.ca,1-967-381-2948,1597
Lionel,parturient.montes.nascetur@elit.com,1-425-310-1589,C5N 1V2
Dorothy,Mauris.vestibulum@acturpisegestas.net,1-416-933-5296,S8V 3G9
Name,Email,Phone,Zip Code
Berk,elementum.dui@nonarcu.org,1-286-988-5420,8063
Rudyard,nec@arcu.ca,1-295-274-1446,3453
Shafira,feugiat.placerat@mollis.edu,1-446-837-3752,55-271
Xandra,Mauris.magna@ac.ca,1-739-863-0889,9007
Gretchen,ante.dictum@Uttincidunt.ca,1-917-729-6789,62899
Hashim,tempus@ipsumdolor.org,1-891-909-4865,K7N 4Y3
Garrett,justo@diameudolor.org,1-816-153-1357,51165-852
Jillian,Integer.sem@Mauriseu.ca,1-533-712-6050,51407
Britanney,dui.nec.tempus@pretiumneque.edu,1-285-311-0414,96505
Orla,Cras@ridiculus.co.uk,1-138-129-7477,92436
Lucy,a.facilisis@Phasellusdapibus.ca,1-917-885-3059,1498
Nash,imperdiet.erat.nonummy@magnaa.edu,1-409-231-8303,83834
Galena,tortor.Integer.aliquam@elementumloremut.co.uk,1-327-210-0731,106734
Kitra,lorem.fringilla@risusDonecnibh.ca,1-773-667-8940,63720-146
Vladimir,neque.venenatis@acarcu.org,1-364-124-5059,40316
Stone,Proin@pharetra.edu,1-298-418-0279,43810
Lenore,tellus.sem@nisi.edu,1-108-631-0018,98007
Audra,massa@eget.net,1-760-497-4936,1956
Quynn,libero@milaciniamattis.ca,1-140-743-8034,20884
Coby,est.Nunc@ategestas.org,1-935-969-7153,09331
Dora,Duis.mi@dignissimpharetra.org,1-151-451-4545,05112
Garrison,diam@sem.org,1-530-459-6350,94827
Chaney,habitant@tellusAenean.co.uk,1-227-915-9594,16-660
Garrison,vestibulum.nec.euismod@ultrices.net,1-488-216-8685,4980
Dale,erat@penatibuset.net,1-290-290-4097,69148
Xenos,luctus@loremut.co.uk,1-917-296-3008,26646
Seth,augue.scelerisque.mollis@eu.net,1-552-598-2873,30153
Sophia,pede.Cras.vulputate@Integerurna.edu,1-831-813-9290,02340
Imelda,vulputate.risus@perinceptos.ca,1-410-293-9279,59532-784
Ava,Lorem.ipsum.dolor@eratvolutpat.com,1-510-128-9031,398886
Bert,elementum.lorem@nuncid.co.uk,1-507-456-3004,02931
Zeus,iaculis.aliquet@metusVivamuseuismod.org,1-251-755-8319,15073
September,mi.lacinia@venenatis.org,1-112-161-1510,3972AT
James,sodales.elit@erosnonenim.com,1-936-342-2467,21-829
Jermaine,dolor.tempus.non@leoelementumsem.com,1-177-224-6167,49-924
Harriet,nec@interdumenimnon.net,1-107-133-6269,739926
Anjolie,enim.condimentum.eget@aliquetmolestie.co.uk,1-166-507-3234,08758-684
Ryan,eu.eleifend@tinciduntnequevitae.edu,1-522-919-0305,5578
Tasha,gravida.mauris.ut@mattisvelit.net,1-412-252-0823,06857
Leila,enim@Maurisquis.org,1-287-222-7124,583358
Kato,mattis@convallisdolorQuisque.ca,1-304-986-6266,88469
Ainsley,amet.orci.Ut@rutrum.edu,1-306-119-4507,77203
Luke,vitae.erat.Vivamus@diam.org,1-323-431-2839,721399
Cruz,habitant@netus.co.uk,1-676-683-4693,2320
Stephen,vel.venenatis@bibendumDonecfelis.org,1-698-450-8790,1307
Jordan,blandit@congue.ca,1-481-567-1618,87666
Wayne,mauris@musProin.edu,1-995-947-4565,3998
Raymond,eget@nonummy.org,1-963-470-8765,2823
Ashely,Ut.tincidunt@Utnecurna.com,1-963-561-2009,91077
Carlos,purus.sapien.gravida@nullamagnamalesuada.co.uk,1-361-875-4338,764728
Hu,ridiculus.mus.Proin@utsemNulla.org,1-865-725-9132,IL59 6AQ
Fatima,euismod.et.commodo@et.co.uk,1-390-153-7985,620881
Kelly,Donec@Etiam.edu,1-599-846-6579,83555
Tatyana,nisi@esttempor.ca,1-503-532-8398,54270
Zenaida,Pellentesque.tincidunt.tempus@arcu.edu,1-187-188-0216,00139-127
Keelie,pede.Cum.sociis@ultricesposuere.ca,1-204-665-6767,71014
Aretha,semper@auctornon.edu,1-182-425-4316,6845
Leo,Mauris.vel@ac.co.uk,1-846-354-7661,9155
Austin,Praesent.luctus@fermentumrisusat.ca,1-902-560-4907,99011
Quon,nisi.Aenean@Nulla.com,1-809-524-4426,5122
Leslie,lacus@SuspendissesagittisNullam.ca,1-163-997-4398,240464
Brianna,mi.pede@pharetrafelis.net,1-720-507-4738,6913
Barbara,vulputate.lacus@temporarcuVestibulum.co.uk,1-944-294-4512,30313
Sophia,non.lorem@maurisaliquameu.net,1-146-625-1433,L9V 3S4
Burton,fermentum.convallis.ligula@bibendumullamcorper.edu,1-616-579-0385,8329
Flavia,massa.Vestibulum@semegetmassa.co.uk,1-646-682-5610,552217
Ignatius,at.auctor.ullamcorper@tincidunt.org,1-411-589-0456,60915
Zorita,viverra.Maecenas@elitfermentumrisus.edu,1-834-386-6919,T7G 9L6
Maia,aliquet.diam@netus.ca,1-348-976-6648,526213
Illana,at@FuscefeugiatLorem.co.uk,1-214-810-0734,77-195
Kalia,tincidunt.pede@magnaDuis.co.uk,1-731-770-5811,74079
Daphne,nisi.magna.sed@seddictumeleifend.edu,1-828-539-6396,60809
Levi,eleifend.Cras.sed@infaucibus.co.uk,1-286-431-8556,11607
Cain,sapien.Nunc@etipsum.ca,1-530-467-8223,66875
Finn,tellus.non.magna@inhendreritconsectetuer.co.uk,1-847-800-6352,887216
Rina,dapibus.rutrum.justo@ipsumSuspendissenon.net,1-105-464-7412,424912
Madison,In.nec@tinciduntadipiscing.ca,1-158-471-4851,59000
Joy,ullamcorper@ultricies.co.uk,1-365-362-5227,32111
Rina,cursus@blandit.org,1-531-327-8574,8448
Carter,luctus.ut@Praesenteu.ca,1-142-256-9656,69631
Mikayla,mauris.sit.amet@Aeneanegestas.ca,1-455-343-6647,824336
Edan,ipsum@Duisdignissimtempor.com,1-321-901-8623,8760
John,Mauris.vestibulum.neque@tristiquesenectus.co.uk,1-294-989-3509,78592
Althea,tempus@sagittis.ca,1-270-888-2771,32886
Cameran,et@Fusce.org,1-801-277-6365,86674
Cameran,vel.arcu@tristiquepellentesquetellus.net,1-914-323-0572,30334
Ursula,ipsum.ac.mi@semperduilectus.com,1-214-774-9321,47509
Dale,metus@orciadipiscing.org,1-303-898-3549,9144
Quinlan,Curabitur.ut.odio@liberoestcongue.edu,1-370-752-2707,25-503
Lev,blandit@malesuada.com,1-208-718-8186,03310
Marsden,neque.pellentesque@Integer.co.uk,1-136-209-3378,891415
Rinah,iaculis.odio@etmagnis.com,1-784-794-5494,816418
Bruno,sagittis@primis.com,1-971-839-3544,TY7 9LH
Madeson,vel@etmagnis.ca,1-886-880-4913,11510
Myles,Proin.mi.Aliquam@tristiquealiquetPhasellus.co.uk,1-314-873-3409,98378
Keiko,congue.elit.sed@elitelitfermentum.com,1-792-945-3574,1990
Vaughan,eu.sem.Pellentesque@pretiumaliquetmetus.org,1-579-162-3470,31357
Karina,lectus.a.sollicitudin@molestie.ca,1-967-381-2948,1597
Lionel,parturient.montes.nascetur@elit.com,1-425-310-1589,C5N 1V2
Dorothy,Mauris.vestibulum@acturpisegestas.net,1-416-933-5296,S8V 3G9
Name,Email,Phone,Zip Code
Berk,elementum.dui@nonarcu.org,1-286-988-5420,8063
Rudyard,nec@arcu.ca,1-295-274-1446,3453
Shafira,feugiat.placerat@mollis.edu,1-446-837-3752,55-271
Xandra,Mauris.magna@ac.ca,1-739-863-0889,9007
Gretchen,ante.dictum@Uttincidunt.ca,1-917-729-6789,62899
Hashim,tempus@ipsumdolor.org,1-891-909-4865,K7N 4Y3
Garrett,justo@diameudolor.org,1-816-153-1357,51165-852
Jillian,Integer.sem@Mauriseu.ca,1-533-712-6050,51407
Britanney,dui.nec.tempus@pretiumneque.edu,1-285-311-0414,96505
Orla,Cras@ridiculus.co.uk,1-138-129-7477,92436
Lucy,a.facilisis@Phasellusdapibus.ca,1-917-885-3059,1498
Nash,imperdiet.erat.nonummy@magnaa.edu,1-409-231-8303,83834
Galena,tortor.Integer.aliquam@elementumloremut.co.uk,1-327-210-0731,106734
Kitra,lorem.fringilla@risusDonecnibh.ca,1-773-667-8940,63720-146
Vladimir,neque.venenatis@acarcu.org,1-364-124-5059,40316
Stone,Proin@pharetra.edu,1-298-418-0279,43810
Lenore,tellus.sem@nisi.edu,1-108-631-0018,98007
Audra,massa@eget.net,1-760-497-4936,1956
Quynn,libero@milaciniamattis.ca,1-140-743-8034,20884
Coby,est.Nunc@ategestas.org,1-935-969-7153,09331
Dora,Duis.mi@dignissimpharetra.org,1-151-451-4545,05112
Garrison,diam@sem.org,1-530-459-6350,94827
Chaney,habitant@tellusAenean.co.uk,1-227-915-9594,16-660
Garrison,vestibulum.nec.euismod@ultrices.net,1-488-216-8685,4980
Dale,erat@penatibuset.net,1-290-290-4097,69148
Xenos,luctus@loremut.co.uk,1-917-296-3008,26646
Seth,augue.scelerisque.mollis@eu.net,1-552-598-2873,30153
Sophia,pede.Cras.vulputate@Integerurna.edu,1-831-813-9290,02340
Imelda,vulputate.risus@perinceptos.ca,1-410-293-9279,59532-784
Ava,Lorem.ipsum.dolor@eratvolutpat.com,1-510-128-9031,398886
Bert,elementum.lorem@nuncid.co.uk,1-507-456-3004,02931
Zeus,iaculis.aliquet@metusVivamuseuismod.org,1-251-755-8319,15073
September,mi.lacinia@venenatis.org,1-112-161-1510,3972AT
James,sodales.elit@erosnonenim.com,1-936-342-2467,21-829
Jermaine,dolor.tempus.non@leoelementumsem.com,1-177-224-6167,49-924
Harriet,nec@interdumenimnon.net,1-107-133-6269,739926
Anjolie,enim.condimentum.eget@aliquetmolestie.co.uk,1-166-507-3234,08758-684
Ryan,eu.eleifend@tinciduntnequevitae.edu,1-522-919-0305,5578
Tasha,gravida.mauris.ut@mattisvelit.net,1-412-252-0823,06857
Leila,enim@Maurisquis.org,1-287-222-7124,583358
Kato,mattis@convallisdolorQuisque.ca,1-304-986-6266,88469
Ainsley,amet.orci.Ut@rutrum.edu,1-306-119-4507,77203
Luke,vitae.erat.Vivamus@diam.org,1-323-431-2839,721399
Cruz,habitant@netus.co.uk,1-676-683-4693,2320
Stephen,vel.venenatis@bibendumDonecfelis.org,1-698-450-8790,1307
Jordan,blandit@congue.ca,1-481-567-1618,87666
Wayne,mauris@musProin.edu,1-995-947-4565,3998
Raymond,eget@nonummy.org,1-963-470-8765,2823
Ashely,Ut.tincidunt@Utnecurna.com,1-963-561-2009,91077
Carlos,purus.sapien.gravida@nullamagnamalesuada.co.uk,1-361-875-4338,764728
Hu,ridiculus.mus.Proin@utsemNulla.org,1-865-725-9132,IL59 6AQ
Fatima,euismod.et.commodo@et.co.uk,1-390-153-7985,620881
Kelly,Donec@Etiam.edu,1-599-846-6579,83555
Tatyana,nisi@esttempor.ca,1-503-532-8398,54270
Zenaida,Pellentesque.tincidunt.tempus@arcu.edu,1-187-188-0216,00139-127
Keelie,pede.Cum.sociis@ultricesposuere.ca,1-204-665-6767,71014
Aretha,semper@auctornon.edu,1-182-425-4316,6845
Leo,Mauris.vel@ac.co.uk,1-846-354-7661,9155
Austin,Praesent.luctus@fermentumrisusat.ca,1-902-560-4907,99011
Quon,nisi.Aenean@Nulla.com,1-809-524-4426,5122
Leslie,lacus@SuspendissesagittisNullam.ca,1-163-997-4398,240464
Brianna,mi.pede@pharetrafelis.net,1-720-507-4738,6913
Barbara,vulputate.lacus@temporarcuVestibulum.co.uk,1-944-294-4512,30313
Sophia,non.lorem@maurisaliquameu.net,1-146-625-1433,L9V 3S4
Burton,fermentum.convallis.ligula@bibendumullamcorper.edu,1-616-579-0385,8329
Flavia,massa.Vestibulum@semegetmassa.co.uk,1-646-682-5610,552217
Ignatius,at.auctor.ullamcorper@tincidunt.org,1-411-589-0456,60915
Zorita,viverra.Maecenas@elitfermentumrisus.edu,1-834-386-6919,T7G 9L6
Maia,aliquet.diam@netus.ca,1-348-976-6648,526213
Illana,at@FuscefeugiatLorem.co.uk,1-214-810-0734,77-195
Kalia,tincidunt.pede@magnaDuis.co.uk,1-731-770-5811,74079
Daphne,nisi.magna.sed@seddictumeleifend.edu,1-828-539-6396,60809
Levi,eleifend.Cras.sed@infaucibus.co.uk,1-286-431-8556,11607
Cain,sapien.Nunc@etipsum.ca,1-530-467-8223,66875
Finn,tellus.non.magna@inhendreritconsectetuer.co.uk,1-847-800-6352,887216
Rina,dapibus.rutrum.justo@ipsumSuspendissenon.net,1-105-464-7412,424912
Madison,In.nec@tinciduntadipiscing.ca,1-158-471-4851,59000
Joy,ullamcorper@ultricies.co.uk,1-365-362-5227,32111
Rina,cursus@blandit.org,1-531-327-8574,8448
Carter,luctus.ut@Praesenteu.ca,1-142-256-9656,69631
Mikayla,mauris.sit.amet@Aeneanegestas.ca,1-455-343-6647,824336
Edan,ipsum@Duisdignissimtempor.com,1-321-901-8623,8760
John,Mauris.vestibulum.neque@tristiquesenectus.co.uk,1-294-989-3509,78592
Althea,tempus@sagittis.ca,1-270-888-2771,32886
Cameran,et@Fusce.org,1-801-277-6365,86674
Cameran,vel.arcu@tristiquepellentesquetellus.net,1-914-323-0572,30334
Ursula,ipsum.ac.mi@semperduilectus.com,1-214-774-9321,47509
Dale,metus@orciadipiscing.org,1-303-898-3549,9144
Quinlan,Curabitur.ut.odio@liberoestcongue.edu,1-370-752-2707,25-503
Lev,blandit@malesuada.com,1-208-718-8186,03310
Marsden,neque.pellentesque@Integer.co.uk,1-136-209-3378,891415
Rinah,iaculis.odio@etmagnis.com,1-784-794-5494,816418
Bruno,sagittis@primis.com,1-971-839-3544,TY7 9LH
Madeson,vel@etmagnis.ca,1-886-880-4913,11510
Myles,Proin.mi.Aliquam@tristiquealiquetPhasellus.co.uk,1-314-873-3409,98378
Keiko,congue.elit.sed@elitelitfermentum.com,1-792-945-3574,1990
Vaughan,eu.sem.Pellentesque@pretiumaliquetmetus.org,1-579-162-3470,31357
Karina,lectus.a.sollicitudin@molestie.ca,1-967-381-2948,1597
Lionel,parturient.montes.nascetur@elit.com,1-425-310-1589,C5N 1V2
Dorothy,Mauris.vestibulum@acturpisegestas.net,1-416-933-5296,S8V 3G9
Name,Email,Phone,Zip Code
Berk,elementum.dui@nonarcu.org,1-286-988-5420,8063
Rudyard,nec@arcu.ca,1-295-274-1446,3453
Shafira,feugiat.placerat@mollis.edu,1-446-837-3752,55-271
Xandra,Mauris.magna@ac.ca,1-739-863-0889,9007
Gretchen,ante.dictum@Uttincidunt.ca,1-917-729-6789,62899
Hashim,tempus@ipsumdolor.org,1-891-909-4865,K7N 4Y3
Garrett,justo@diameudolor.org,1-816-153-1357,51165-852
Jillian,Integer.sem@Mauriseu.ca,1-533-712-6050,51407
Britanney,dui.nec.tempus@pretiumneque.edu,1-285-311-0414,96505
Orla,Cras@ridiculus.co.uk,1-138-129-7477,92436
Lucy,a.facilisis@Phasellusdapibus.ca,1-917-885-3059,1498
Nash,imperdiet.erat.nonummy@magnaa.edu,1-409-231-8303,83834
Galena,tortor.Integer.aliquam@elementumloremut.co.uk,1-327-210-0731,106734
Kitra,lorem.fringilla@risusDonecnibh.ca,1-773-667-8940,63720-146
Vladimir,neque.venenatis@acarcu.org,1-364-124-5059,40316
Stone,Proin@pharetra.edu,1-298-418-0279,43810
Lenore,tellus.sem@nisi.edu,1-108-631-0018,98007
Audra,massa@eget.net,1-760-497-4936,1956
Quynn,libero@milaciniamattis.ca,1-140-743-8034,20884
Coby,est.Nunc@ategestas.org,1-935-969-7153,09331
Dora,Duis.mi@dignissimpharetra.org,1-151-451-4545,05112
Garrison,diam@sem.org,1-530-459-6350,94827
Chaney,habitant@tellusAenean.co.uk,1-227-915-9594,16-660
Garrison,vestibulum.nec.euismod@ultrices.net,1-488-216-8685,4980
Dale,erat@penatibuset.net,1-290-290-4097,69148
Xenos,luctus@loremut.co.uk,1-917-296-3008,26646
Seth,augue.scelerisque.mollis@eu.net,1-552-598-2873,30153
Sophia,pede.Cras.vulputate@Integerurna.edu,1-831-813-9290,02340
Imelda,vulputate.risus@perinceptos.ca,1-410-293-9279,59532-784
Ava,Lorem.ipsum.dolor@eratvolutpat.com,1-510-128-9031,398886
Bert,elementum.lorem@nuncid.co.uk,1-507-456-3004,02931
Zeus,iaculis.aliquet@metusVivamuseuismod.org,1-251-755-8319,15073
September,mi.lacinia@venenatis.org,1-112-161-1510,3972AT
James,sodales.elit@erosnonenim.com,1-936-342-2467,21-829
Jermaine,dolor.tempus.non@leoelementumsem.com,1-177-224-6167,49-924
Harriet,nec@interdumenimnon.net,1-107-133-6269,739926
Anjolie,enim.condimentum.eget@aliquetmolestie.co.uk,1-166-507-3234,08758-684
Ryan,eu.eleifend@tinciduntnequevitae.edu,1-522-919-0305,5578
Tasha,gravida.mauris.ut@mattisvelit.net,1-412-252-0823,06857
Leila,enim@Maurisquis.org,1-287-222-7124,583358
Kato,mattis@convallisdolorQuisque.ca,1-304-986-6266,88469
Ainsley,amet.orci.Ut@rutrum.edu,1-306-119-4507,77203
Luke,vitae.erat.Vivamus@diam.org,1-323-431-2839,721399
Cruz,habitant@netus.co.uk,1-676-683-4693,2320
Stephen,vel.venenatis@bibendumDonecfelis.org,1-698-450-8790,1307
Jordan,blandit@congue.ca,1-481-567-1618,87666
Wayne,mauris@musProin.edu,1-995-947-4565,3998
Raymond,eget@nonummy.org,1-963-470-8765,2823
Ashely,Ut.tincidunt@Utnecurna.com,1-963-561-2009,91077
Carlos,purus.sapien.gravida@nullamagnamalesuada.co.uk,1-361-875-4338,764728
Hu,ridiculus.mus.Proin@utsemNulla.org,1-865-725-9132,IL59 6AQ
Fatima,euismod.et.commodo@et.co.uk,1-390-153-7985,620881
Kelly,Donec@Etiam.edu,1-599-846-6579,83555
Tatyana,nisi@esttempor.ca,1-503-532-8398,54270
Zenaida,Pellentesque.tincidunt.tempus@arcu.edu,1-187-188-0216,00139-127
Keelie,pede.Cum.sociis@ultricesposuere.ca,1-204-665-6767,71014
Aretha,semper@auctornon.edu,1-182-425-4316,6845
Leo,Mauris.vel@ac.co.uk,1-846-354-7661,9155
Austin,Praesent.luctus@fermentumrisusat.ca,1-902-560-4907,99011
Quon,nisi.Aenean@Nulla.com,1-809-524-4426,5122
Leslie,lacus@SuspendissesagittisNullam.ca,1-163-997-4398,240464
Brianna,mi.pede@pharetrafelis.net,1-720-507-4738,6913
Barbara,vulputate.lacus@temporarcuVestibulum.co.uk,1-944-294-4512,30313
Sophia,non.lorem@maurisaliquameu.net,1-146-625-1433,L9V 3S4
Burton,fermentum.convallis.ligula@bibendumullamcorper.edu,1-616-579-0385,8329
Flavia,massa.Vestibulum@semegetmassa.co.uk,1-646-682-5610,552217
Ignatius,at.auctor.ullamcorper@tincidunt.org,1-411-589-0456,60915
Zorita,viverra.Maecenas@elitfermentumrisus.edu,1-834-386-6919,T7G 9L6
Maia,aliquet.diam@netus.ca,1-348-976-6648,526213
Illana,at@FuscefeugiatLorem.co.uk,1-214-810-0734,77-195
Kalia,tincidunt.pede@magnaDuis.co.uk,1-731-770-5811,74079
Daphne,nisi.magna.sed@seddictumeleifend.edu,1-828-539-6396,60809
Levi,eleifend.Cras.sed@infaucibus.co.uk,1-286-431-8556,11607
Cain,sapien.Nunc@etipsum.ca,1-530-467-8223,66875
Finn,tellus.non.magna@inhendreritconsectetuer.co.uk,1-847-800-6352,887216
Rina,dapibus.rutrum.justo@ipsumSuspendissenon.net,1-105-464-7412,424912
Madison,In.nec@tinciduntadipiscing.ca,1-158-471-4851,59000
Joy,ullamcorper@ultricies.co.uk,1-365-362-5227,32111
Rina,cursus@blandit.org,1-531-327-8574,8448
Carter,luctus.ut@Praesenteu.ca,1-142-256-9656,69631
Mikayla,mauris.sit.amet@Aeneanegestas.ca,1-455-343-6647,824336
Edan,ipsum@Duisdignissimtempor.com,1-321-901-8623,8760
John,Mauris.vestibulum.neque@tristiquesenectus.co.uk,1-294-989-3509,78592
Althea,tempus@sagittis.ca,1-270-888-2771,32886
Cameran,et@Fusce.org,1-801-277-6365,86674
Cameran,vel.arcu@tristiquepellentesquetellus.net,1-914-323-0572,30334
Ursula,ipsum.ac.mi@semperduilectus.com,1-214-774-9321,47509
Dale,metus@orciadipiscing.org,1-303-898-3549,9144
Quinlan,Curabitur.ut.odio@liberoestcongue.edu,1-370-752-2707,25-503
Lev,blandit@malesuada.com,1-208-718-8186,03310
Marsden,neque.pellentesque@Integer.co.uk,1-136-209-3378,891415
Rinah,iaculis.odio@etmagnis.com,1-784-794-5494,816418
Bruno,sagittis@primis.com,1-971-839-3544,TY7 9LH
Madeson,vel@etmagnis.ca,1-886-880-4913,11510
Myles,Proin.mi.Aliquam@tristiquealiquetPhasellus.co.uk,1-314-873-3409,98378
Keiko,congue.elit.sed@elitelitfermentum.com,1-792-945-3574,1990
Vaughan,eu.sem.Pellentesque@pretiumaliquetmetus.org,1-579-162-3470,31357
Karina,lectus.a.sollicitudin@molestie.ca,1-967-381-2948,1597
Lionel,parturient.montes.nascetur@elit.com,1-425-310-1589,C5N 1V2
Dorothy,Mauris.vestibulum@acturpisegestas.net,1-416-933-5296,S8V 3G9
Name,Email,Phone,Zip Code
Berk,elementum.dui@nonarcu.org,1-286-988-5420,8063
Rudyard,nec@arcu.ca,1-295-274-1446,3453
Shafira,feugiat.placerat@mollis.edu,1-446-837-3752,55-271
Xandra,Mauris.magna@ac.ca,1-739-863-0889,9007
Gretchen,ante.dictum@Uttincidunt.ca,1-917-729-6789,62899
Hashim,tempus@ipsumdolor.org,1-891-909-4865,K7N 4Y3
Garrett,justo@diameudolor.org,1-816-153-1357,51165-852
Jillian,Integer.sem@Mauriseu.ca,1-533-712-6050,51407
Britanney,dui.nec.tempus@pretiumneque.edu,1-285-311-0414,96505
Orla,Cras@ridiculus.co.uk,1-138-129-7477,92436
Lucy,a.facilisis@Phasellusdapibus.ca,1-917-885-3059,1498
Nash,imperdiet.erat.nonummy@magnaa.edu,1-409-231-8303,83834
Galena,tortor.Integer.aliquam@elementumloremut.co.uk,1-327-210-0731,106734
Kitra,lorem.fringilla@risusDonecnibh.ca,1-773-667-8940,63720-146
Vladimir,neque.venenatis@acarcu.org,1-364-124-5059,40316
Stone,Proin@pharetra.edu,1-298-418-0279,43810
Lenore,tellus.sem@nisi.edu,1-108-631-0018,98007
Audra,massa@eget.net,1-760-497-4936,1956
Quynn,libero@milaciniamattis.ca,1-140-743-8034,20884
Coby,est.Nunc@ategestas.org,1-935-969-7153,09331
Dora,Duis.mi@dignissimpharetra.org,1-151-451-4545,05112
Garrison,diam@sem.org,1-530-459-6350,94827
Chaney,habitant@tellusAenean.co.uk,1-227-915-9594,16-660
Garrison,vestibulum.nec.euismod@ultrices.net,1-488-216-8685,4980
Dale,erat@penatibuset.net,1-290-290-4097,69148
Xenos,luctus@loremut.co.uk,1-917-296-3008,26646
Seth,augue.scelerisque.mollis@eu.net,1-552-598-2873,30153
Sophia,pede.Cras.vulputate@Integerurna.edu,1-831-813-9290,02340
Imelda,vulputate.risus@perinceptos.ca,1-410-293-9279,59532-784
Ava,Lorem.ipsum.dolor@eratvolutpat.com,1-510-128-9031,398886
Bert,elementum.lorem@nuncid.co.uk,1-507-456-3004,02931
Zeus,iaculis.aliquet@metusVivamuseuismod.org,1-251-755-8319,15073
September,mi.lacinia@venenatis.org,1-112-161-1510,3972AT
James,sodales.elit@erosnonenim.com,1-936-342-2467,21-829
Jermaine,dolor.tempus.non@leoelementumsem.com,1-177-224-6167,49-924
Harriet,nec@interdumenimnon.net,1-107-133-6269,739926
Anjolie,enim.condimentum.eget@aliquetmolestie.co.uk,1-166-507-3234,08758-684
Ryan,eu.eleifend@tinciduntnequevitae.edu,1-522-919-0305,5578
Tasha,gravida.mauris.ut@mattisvelit.net,1-412-252-0823,06857
Leila,enim@Maurisquis.org,1-287-222-7124,583358
Kato,mattis@convallisdolorQuisque.ca,1-304-986-6266,88469
Ainsley,amet.orci.Ut@rutrum.edu,1-306-119-4507,77203
Luke,vitae.erat.Vivamus@diam.org,1-323-431-2839,721399
Cruz,habitant@netus.co.uk,1-676-683-4693,2320
Stephen,vel.venenatis@bibendumDonecfelis.org,1-698-450-8790,1307
Jordan,blandit@congue.ca,1-481-567-1618,87666
Wayne,mauris@musProin.edu,1-995-947-4565,3998
Raymond,eget@nonummy.org,1-963-470-8765,2823
Ashely,Ut.tincidunt@Utnecurna.com,1-963-561-2009,91077
Carlos,purus.sapien.gravida@nullamagnamalesuada.co.uk,1-361-875-4338,764728
Hu,ridiculus.mus.Proin@utsemNulla.org,1-865-725-9132,IL59 6AQ
Fatima,euismod.et.commodo@et.co.uk,1-390-153-7985,620881
Kelly,Donec@Etiam.edu,1-599-846-6579,83555
Tatyana,nisi@esttempor.ca,1-503-532-8398,54270
Zenaida,Pellentesque.tincidunt.tempus@arcu.edu,1-187-188-0216,00139-127
Keelie,pede.Cum.sociis@ultricesposuere.ca,1-204-665-6767,71014
Aretha,semper@auctornon.edu,1-182-425-4316,6845
Leo,Mauris.vel@ac.co.uk,1-846-354-7661,9155
Austin,Praesent.luctus@fermentumrisusat.ca,1-902-560-4907,99011
Quon,nisi.Aenean@Nulla.com,1-809-524-4426,5122
Leslie,lacus@SuspendissesagittisNullam.ca,1-163-997-4398,240464
Brianna,mi.pede@pharetrafelis.net,1-720-507-4738,6913
Barbara,vulputate.lacus@temporarcuVestibulum.co.uk,1-944-294-4512,30313
Sophia,non.lorem@maurisaliquameu.net,1-146-625-1433,L9V 3S4
Burton,fermentum.convallis.ligula@bibendumullamcorper.edu,1-616-579-0385,8329
Flavia,massa.Vestibulum@semegetmassa.co.uk,1-646-682-5610,552217
Ignatius,at.auctor.ullamcorper@tincidunt.org,1-411-589-0456,60915
Zorita,viverra.Maecenas@elitfermentumrisus.edu,1-834-386-6919,T7G 9L6
Maia,aliquet.diam@netus.ca,1-348-976-6648,526213
Illana,at@FuscefeugiatLorem.co.uk,1-214-810-0734,77-195
Kalia,tincidunt.pede@magnaDuis.co.uk,1-731-770-5811,74079
Daphne,nisi.magna.sed@seddictumeleifend.edu,1-828-539-6396,60809
Levi,eleifend.Cras.sed@infaucibus.co.uk,1-286-431-8556,11607
Cain,sapien.Nunc@etipsum.ca,1-530-467-8223,66875
Finn,tellus.non.magna@inhendreritconsectetuer.co.uk,1-847-800-6352,887216
Rina,dapibus.rutrum.justo@ipsumSuspendissenon.net,1-105-464-7412,424912
Madison,In.nec@tinciduntadipiscing.ca,1-158-471-4851,59000
Joy,ullamcorper@ultricies.co.uk,1-365-362-5227,32111
Rina,cursus@blandit.org,1-531-327-8574,8448
Carter,luctus.ut@Praesenteu.ca,1-142-256-9656,69631
Mikayla,mauris.sit.amet@Aeneanegestas.ca,1-455-343-6647,824336
Edan,ipsum@Duisdignissimtempor.com,1-321-901-8623,8760
John,Mauris.vestibulum.neque@tristiquesenectus.co.uk,1-294-989-3509,78592
Althea,tempus@sagittis.ca,1-270-888-2771,32886
Cameran,et@Fusce.org,1-801-277-6365,86674
Cameran,vel.arcu@tristiquepellentesquetellus.net,1-914-323-0572,30334
Ursula,ipsum.ac.mi@semperduilectus.com,1-214-774-9321,47509
Dale,metus@orciadipiscing.org,1-303-898-3549,9144
Quinlan,Curabitur.ut.odio@liberoestcongue.edu,1-370-752-2707,25-503
Lev,blandit@malesuada.com,1-208-718-8186,03310
Marsden,neque.pellentesque@Integer.co.uk,1-136-209-3378,891415
Rinah,iaculis.odio@etmagnis.com,1-784-794-5494,816418
Bruno,sagittis@primis.com,1-971-839-3544,TY7 9LH
Madeson,vel@etmagnis.ca,1-886-880-4913,11510
Myles,Proin.mi.Aliquam@tristiquealiquetPhasellus.co.uk,1-314-873-3409,98378
Keiko,congue.elit.sed@elitelitfermentum.com,1-792-945-3574,1990
Vaughan,eu.sem.Pellentesque@pretiumaliquetmetus.org,1-579-162-3470,31357
Karina,lectus.a.sollicitudin@molestie.ca,1-967-381-2948,1597
Lionel,parturient.montes.nascetur@elit.com,1-425-310-1589,C5N 1V2
Dorothy,Mauris.vestibulum@acturpisegestas.net,1-416-933-5296,S8V 3G9
Name,Email,Phone,Zip Code
Berk,elementum.dui@nonarcu.org,1-286-988-5420,8063
Rudyard,nec@arcu.ca,1-295-274-1446,3453
Shafira,feugiat.placerat@mollis.edu,1-446-837-3752,55-271
Xandra,Mauris.magna@ac.ca,1-739-863-0889,9007
Gretchen,ante.dictum@Uttincidunt.ca,1-917-729-6789,62899
Hashim,tempus@ipsumdolor.org,1-891-909-4865,K7N 4Y3
Garrett,justo@diameudolor.org,1-816-153-1357,51165-852
Jillian,Integer.sem@Mauriseu.ca,1-533-712-6050,51407
Britanney,dui.nec.tempus@pretiumneque.edu,1-285-311-0414,96505
Orla,Cras@ridiculus.co.uk,1-138-129-7477,92436
Lucy,a.facilisis@Phasellusdapibus.ca,1-917-885-3059,1498
Nash,imperdiet.erat.nonummy@magnaa.edu,1-409-231-8303,83834
Galena,tortor.Integer.aliquam@elementumloremut.co.uk,1-327-210-0731,106734
Kitra,lorem.fringilla@risusDonecnibh.ca,1-773-667-8940,63720-146
Vladimir,neque.venenatis@acarcu.org,1-364-124-5059,40316
Stone,Proin@pharetra.edu,1-298-418-0279,43810
Lenore,tellus.sem@nisi.edu,1-108-631-0018,98007
Audra,massa@eget.net,1-760-497-4936,1956
Quynn,libero@milaciniamattis.ca,1-140-743-8034,20884
Coby,est.Nunc@ategestas.org,1-935-969-7153,09331
Dora,Duis.mi@dignissimpharetra.org,1-151-451-4545,05112
Garrison,diam@sem.org,1-530-459-6350,94827
Chaney,habitant@tellusAenean.co.uk,1-227-915-9594,16-660
Garrison,vestibulum.nec.euismod@ultrices.net,1-488-216-8685,4980
Dale,erat@penatibuset.net,1-290-290-4097,69148
Xenos,luctus@loremut.co.uk,1-917-296-3008,26646
Seth,augue.scelerisque.mollis@eu.net,1-552-598-2873,30153
Sophia,pede.Cras.vulputate@Integerurna.edu,1-831-813-9290,02340
Imelda,vulputate.risus@perinceptos.ca,1-410-293-9279,59532-784
Ava,Lorem.ipsum.dolor@eratvolutpat.com,1-510-128-9031,398886
Bert,elementum.lorem@nuncid.co.uk,1-507-456-3004,02931
Zeus,iaculis.aliquet@metusVivamuseuismod.org,1-251-755-8319,15073
September,mi.lacinia@venenatis.org,1-112-161-1510,3972AT
James,sodales.elit@erosnonenim.com,1-936-342-2467,21-829
Jermaine,dolor.tempus.non@leoelementumsem.com,1-177-224-6167,49-924
Harriet,nec@interdumenimnon.net,1-107-133-6269,739926
Anjolie,enim.condimentum.eget@aliquetmolestie.co.uk,1-166-507-3234,08758-684
Ryan,eu.eleifend@tinciduntnequevitae.edu,1-522-919-0305,5578
Tasha,gravida.mauris.ut@mattisvelit.net,1-412-252-0823,06857
Leila,enim@Maurisquis.org,1-287-222-7124,583358
Kato,mattis@convallisdolorQuisque.ca,1-304-986-6266,88469
Ainsley,amet.orci.Ut@rutrum.edu,1-306-119-4507,77203
Luke,vitae.erat.Vivamus@diam.org,1-323-431-2839,721399
Cruz,habitant@netus.co.uk,1-676-683-4693,2320
Stephen,vel.venenatis@bibendumDonecfelis.org,1-698-450-8790,1307
Jordan,blandit@congue.ca,1-481-567-1618,87666
Wayne,mauris@musProin.edu,1-995-947-4565,3998
Raymond,eget@nonummy.org,1-963-470-8765,2823
Ashely,Ut.tincidunt@Utnecurna.com,1-963-561-2009,91077
Carlos,purus.sapien.gravida@nullamagnamalesuada.co.uk,1-361-875-4338,764728
Hu,ridiculus.mus.Proin@utsemNulla.org,1-865-725-9132,IL59 6AQ
Fatima,euismod.et.commodo@et.co.uk,1-390-153-7985,620881
Kelly,Donec@Etiam.edu,1-599-846-6579,83555
Tatyana,nisi@esttempor.ca,1-503-532-8398,54270
Zenaida,Pellentesque.tincidunt.tempus@arcu.edu,1-187-188-0216,00139-127
Keelie,pede.Cum.sociis@ultricesposuere.ca,1-204-665-6767,71014
Aretha,semper@auctornon.edu,1-182-425-4316,6845
Leo,Mauris.vel@ac.co.uk,1-846-354-7661,9155
Austin,Praesent.luctus@fermentumrisusat.ca,1-902-560-4907,99011
Quon,nisi.Aenean@Nulla.com,1-809-524-4426,5122
Leslie,lacus@SuspendissesagittisNullam.ca,1-163-997-4398,240464
Brianna,mi.pede@pharetrafelis.net,1-720-507-4738,6913
Barbara,vulputate.lacus@temporarcuVestibulum.co.uk,1-944-294-4512,30313
Sophia,non.lorem@maurisaliquameu.net,1-146-625-1433,L9V 3S4
Burton,fermentum.convallis.ligula@bibendumullamcorper.edu,1-616-579-0385,8329
Flavia,massa.Vestibulum@semegetmassa.co.uk,1-646-682-5610,552217
Ignatius,at.auctor.ullamcorper@tincidunt.org,1-411-589-0456,60915
Zorita,viverra.Maecenas@elitfermentumrisus.edu,1-834-386-6919,T7G 9L6
Maia,aliquet.diam@netus.ca,1-348-976-6648,526213
Illana,at@FuscefeugiatLorem.co.uk,1-214-810-0734,77-195
Kalia,tincidunt.pede@magnaDuis.co.uk,1-731-770-5811,74079
Daphne,nisi.magna.sed@seddictumeleifend.edu,1-828-539-6396,60809
Levi,eleifend.Cras.sed@infaucibus.co.uk,1-286-431-8556,11607
Cain,sapien.Nunc@etipsum.ca,1-530-467-8223,66875
Finn,tellus.non.magna@inhendreritconsectetuer.co.uk,1-847-800-6352,887216
Rina,dapibus.rutrum.justo@ipsumSuspendissenon.net,1-105-464-7412,424912
Madison,In.nec@tinciduntadipiscing.ca,1-158-471-4851,59000
Joy,ullamcorper@ultricies.co.uk,1-365-362-5227,32111
Rina,cursus@blandit.org,1-531-327-8574,8448
Carter,luctus.ut@Praesenteu.ca,1-142-256-9656,69631
Mikayla,mauris.sit.amet@Aeneanegestas.ca,1-455-343-6647,824336
Edan,ipsum@Duisdignissimtempor.com,1-321-901-8623,8760
John,Mauris.vestibulum.neque@tristiquesenectus.co.uk,1-294-989-3509,78592
Althea,tempus@sagittis.ca,1-270-888-2771,32886
Cameran,et@Fusce.org,1-801-277-6365,86674
Cameran,vel.arcu@tristiquepellentesquetellus.net,1-914-323-0572,30334
Ursula,ipsum.ac.mi@semperduilectus.com,1-214-774-9321,47509
Dale,metus@orciadipiscing.org,1-303-898-3549,9144
Quinlan,Curabitur.ut.odio@liberoestcongue.edu,1-370-752-2707,25-503
Lev,blandit@malesuada.com,1-208-718-8186,03310
Marsden,neque.pellentesque@Integer.co.uk,1-136-209-3378,891415
Rinah,iaculis.odio@etmagnis.com,1-784-794-5494,816418
Bruno,sagittis@primis.com,1-971-839-3544,TY7 9LH
Madeson,vel@etmagnis.ca,1-886-880-4913,11510
Myles,Proin.mi.Aliquam@tristiquealiquetPhasellus.co.uk,1-314-873-3409,98378
Keiko,congue.elit.sed@elitelitfermentum.com,1-792-945-3574,1990
Vaughan,eu.sem.Pellentesque@pretiumaliquetmetus.org,1-579-162-3470,31357
Karina,lectus.a.sollicitudin@molestie.ca,1-967-381-2948,1597
Lionel,parturient.montes.nascetur@elit.com,1-425-310-1589,C5N 1V2
Dorothy,Mauris.vestibulum@acturpisegestas.net,1-416-933-5296,S8V 3G9
Name,Email,Phone,Zip Code
Berk,elementum.dui@nonarcu.org,1-286-988-5420,8063
Rudyard,nec@arcu.ca,1-295-274-1446,3453
Shafira,feugiat.placerat@mollis.edu,1-446-837-3752,55-271
Xandra,Mauris.magna@ac.ca,1-739-863-0889,9007
Gretchen,ante.dictum@Uttincidunt.ca,1-917-729-6789,62899
Hashim,tempus@ipsumdolor.org,1-891-909-4865,K7N 4Y3
Garrett,justo@diameudolor.org,1-816-153-1357,51165-852
Jillian,Integer.sem@Mauriseu.ca,1-533-712-6050,51407
Britanney,dui.nec.tempus@pretiumneque.edu,1-285-311-0414,96505
Orla,Cras@ridiculus.co.uk,1-138-129-7477,92436
Lucy,a.facilisis@Phasellusdapibus.ca,1-917-885-3059,1498
Nash,imperdiet.erat.nonummy@magnaa.edu,1-409-231-8303,83834
Galena,tortor.Integer.aliquam@elementumloremut.co.uk,1-327-210-0731,106734
Kitra,lorem.fringilla@risusDonecnibh.ca,1-773-667-8940,63720-146
Vladimir,neque.venenatis@acarcu.org,1-364-124-5059,40316
Stone,Proin@pharetra.edu,1-298-418-0279,43810
Lenore,tellus.sem@nisi.edu,1-108-631-0018,98007
Audra,massa@eget.net,1-760-497-4936,1956
Quynn,libero@milaciniamattis.ca,1-140-743-8034,20884
Coby,est.Nunc@ategestas.org,1-935-969-7153,09331
Dora,Duis.mi@dignissimpharetra.org,1-151-451-4545,05112
Garrison,diam@sem.org,1-530-459-6350,94827
Chaney,habitant@tellusAenean.co.uk,1-227-915-9594,16-660
Garrison,vestibulum.nec.euismod@ultrices.net,1-488-216-8685,4980
Dale,erat@penatibuset.net,1-290-290-4097,69148
Xenos,luctus@loremut.co.uk,1-917-296-3008,26646
Seth,augue.scelerisque.mollis@eu.net,1-552-598-2873,30153
Sophia,pede.Cras.vulputate@Integerurna.edu,1-831-813-9290,02340
Imelda,vulputate.risus@perinceptos.ca,1-410-293-9279,59532-784
Ava,Lorem.ipsum.dolor@eratvolutpat.com,1-510-128-9031,398886
Bert,elementum.lorem@nuncid.co.uk,1-507-456-3004,02931
Zeus,iaculis.aliquet@metusVivamuseuismod.org,1-251-755-8319,15073
September,mi.lacinia@venenatis.org,1-112-161-1510,3972AT
James,sodales.elit@erosnonenim.com,1-936-342-2467,21-829
Jermaine,dolor.tempus.non@leoelementumsem.com,1-177-224-6167,49-924
Harriet,nec@interdumenimnon.net,1-107-133-6269,739926
Anjolie,enim.condimentum.eget@aliquetmolestie.co.uk,1-166-507-3234,08758-684
Ryan,eu.eleifend@tinciduntnequevitae.edu,1-522-919-0305,5578
Tasha,gravida.mauris.ut@mattisvelit.net,1-412-252-0823,06857
Leila,enim@Maurisquis.org,1-287-222-7124,583358
Kato,mattis@convallisdolorQuisque.ca,1-304-986-6266,88469
Ainsley,amet.orci.Ut@rutrum.edu,1-306-119-4507,77203
Luke,vitae.erat.Vivamus@diam.org,1-323-431-2839,721399
Cruz,habitant@netus.co.uk,1-676-683-4693,2320
Stephen,vel.venenatis@bibendumDonecfelis.org,1-698-450-8790,1307
Jordan,blandit@congue.ca,1-481-567-1618,87666
Wayne,mauris@musProin.edu,1-995-947-4565,3998
Raymond,eget@nonummy.org,1-963-470-8765,2823
Ashely,Ut.tincidunt@Utnecurna.com,1-963-561-2009,91077
Carlos,purus.sapien.gravida@nullamagnamalesuada.co.uk,1-361-875-4338,764728
Hu,ridiculus.mus.Proin@utsemNulla.org,1-865-725-9132,IL59 6AQ
Fatima,euismod.et.commodo@et.co.uk,1-390-153-7985,620881
Kelly,Donec@Etiam.edu,1-599-846-6579,83555
Tatyana,nisi@esttempor.ca,1-503-532-8398,54270
Zenaida,Pellentesque.tincidunt.tempus@arcu.edu,1-187-188-0216,00139-127
Keelie,pede.Cum.sociis@ultricesposuere.ca,1-204-665-6767,71014
Aretha,semper@auctornon.edu,1-182-425-4316,6845
Leo,Mauris.vel@ac.co.uk,1-846-354-7661,9155
Austin,Praesent.luctus@fermentumrisusat.ca,1-902-560-4907,99011
Quon,nisi.Aenean@Nulla.com,1-809-524-4426,5122
Leslie,lacus@SuspendissesagittisNullam.ca,1-163-997-4398,240464
Brianna,mi.pede@pharetrafelis.net,1-720-507-4738,6913
Barbara,vulputate.lacus@temporarcuVestibulum.co.uk,1-944-294-4512,30313
Sophia,non.lorem@maurisaliquameu.net,1-146-625-1433,L9V 3S4
Burton,fermentum.convallis.ligula@bibendumullamcorper.edu,1-616-579-0385,8329
Flavia,massa.Vestibulum@semegetmassa.co.uk,1-646-682-5610,552217
Ignatius,at.auctor.ullamcorper@tincidunt.org,1-411-589-0456,60915
Zorita,viverra.Maecenas@elitfermentumrisus.edu,1-834-386-6919,T7G 9L6
Maia,aliquet.diam@netus.ca,1-348-976-6648,526213
Illana,at@FuscefeugiatLorem.co.uk,1-214-810-0734,77-195
Kalia,tincidunt.pede@magnaDuis.co.uk,1-731-770-5811,74079
Daphne,nisi.magna.sed@seddictumeleifend.edu,1-828-539-6396,60809
Levi,eleifend.Cras.sed@infaucibus.co.uk,1-286-431-8556,11607
Cain,sapien.Nunc@etipsum.ca,1-530-467-8223,66875
Finn,tellus.non.magna@inhendreritconsectetuer.co.uk,1-847-800-6352,887216
Rina,dapibus.rutrum.justo@ipsumSuspendissenon.net,1-105-464-7412,424912
Madison,In.nec@tinciduntadipiscing.ca,1-158-471-4851,59000
Joy,ullamcorper@ultricies.co.uk,1-365-362-5227,32111
Rina,cursus@blandit.org,1-531-327-8574,8448
Carter,luctus.ut@Praesenteu.ca,1-142-256-9656,69631
Mikayla,mauris.sit.amet@Aeneanegestas.ca,1-455-343-6647,824336
Edan,ipsum@Duisdignissimtempor.com,1-321-901-8623,8760
John,Mauris.vestibulum.neque@tristiquesenectus.co.uk,1-294-989-3509,78592
Althea,tempus@sagittis.ca,1-270-888-2771,32886
Cameran,et@Fusce.org,1-801-277-6365,86674
Cameran,vel.arcu@tristiquepellentesquetellus.net,1-914-323-0572,30334
Ursula,ipsum.ac.mi@semperduilectus.com,1-214-774-9321,47509
Dale,metus@orciadipiscing.org,1-303-898-3549,9144
Quinlan,Curabitur.ut.odio@liberoestcongue.edu,1-370-752-2707,25-503
Lev,blandit@malesuada.com,1-208-718-8186,03310
Marsden,neque.pellentesque@Integer.co.uk,1-136-209-3378,891415
Rinah,iaculis.odio@etmagnis.com,1-784-794-5494,816418
Bruno,sagittis@primis.com,1-971-839-3544,TY7 9LH
Madeson,vel@etmagnis.ca,1-886-880-4913,11510
Myles,Proin.mi.Aliquam@tristiquealiquetPhasellus.co.uk,1-314-873-3409,98378
Keiko,congue.elit.sed@elitelitfermentum.com,1-792-945-3574,1990
Vaughan,eu.sem.Pellentesque@pretiumaliquetmetus.org,1-579-162-3470,31357
Karina,lectus.a.sollicitudin@molestie.ca,1-967-381-2948,1597
Lionel,parturient.montes.nascetur@elit.com,1-425-310-1589,C5N 1V2
Dorothy,Mauris.vestibulum@acturpisegestas.net,1-416-933-5296,S8V 3G9
Name,Email,Phone,Zip Code
Berk,elementum.dui@nonarcu.org,1-286-988-5420,8063
Rudyard,nec@arcu.ca,1-295-274-1446,3453
Shafira,feugiat.placerat@mollis.edu,1-446-837-3752,55-271
Xandra,Mauris.magna@ac.ca,1-739-863-0889,9007
Gretchen,ante.dictum@Uttincidunt.ca,1-917-729-6789,62899
Hashim,tempus@ipsumdolor.org,1-891-909-4865,K7N 4Y3
Garrett,justo@diameudolor.org,1-816-153-1357,51165-852
Jillian,Integer.sem@Mauriseu.ca,1-533-712-6050,51407
Britanney,dui.nec.tempus@pretiumneque.edu,1-285-311-0414,96505
Orla,Cras@ridiculus.co.uk,1-138-129-7477,92436
Lucy,a.facilisis@Phasellusdapibus.ca,1-917-885-3059,1498
Nash,imperdiet.erat.nonummy@magnaa.edu,1-409-231-8303,83834
Galena,tortor.Integer.aliquam@elementumloremut.co.uk,1-327-210-0731,106734
Kitra,lorem.fringilla@risusDonecnibh.ca,1-773-667-8940,63720-146
Vladimir,neque.venenatis@acarcu.org,1-364-124-5059,40316
Stone,Proin@pharetra.edu,1-298-418-0279,43810
Lenore,tellus.sem@nisi.edu,1-108-631-0018,98007
Audra,massa@eget.net,1-760-497-4936,1956
Quynn,libero@milaciniamattis.ca,1-140-743-8034,20884
Coby,est.Nunc@ategestas.org,1-935-969-7153,09331
Dora,Duis.mi@dignissimpharetra.org,1-151-451-4545,05112
Garrison,diam@sem.org,1-530-459-6350,94827
Chaney,habitant@tellusAenean.co.uk,1-227-915-9594,16-660
Garrison,vestibulum.nec.euismod@ultrices.net,1-488-216-8685,4980
Dale,erat@penatibuset.net,1-290-290-4097,69148
Xenos,luctus@loremut.co.uk,1-917-296-3008,26646
Seth,augue.scelerisque.mollis@eu.net,1-552-598-2873,30153
Sophia,pede.Cras.vulputate@Integerurna.edu,1-831-813-9290,02340
Imelda,vulputate.risus@perinceptos.ca,1-410-293-9279,59532-784
Ava,Lorem.ipsum.dolor@eratvolutpat.com,1-510-128-9031,398886
Bert,elementum.lorem@nuncid.co.uk,1-507-456-3004,02931
Zeus,iaculis.aliquet@metusVivamuseuismod.org,1-251-755-8319,15073
September,mi.lacinia@venenatis.org,1-112-161-1510,3972AT
James,sodales.elit@erosnonenim.com,1-936-342-2467,21-829
Jermaine,dolor.tempus.non@leoelementumsem.com,1-177-224-6167,49-924
Harriet,nec@interdumenimnon.net,1-107-133-6269,739926
Anjolie,enim.condimentum.eget@aliquetmolestie.co.uk,1-166-507-3234,08758-684
Ryan,eu.eleifend@tinciduntnequevitae.edu,1-522-919-0305,5578
Tasha,gravida.mauris.ut@mattisvelit.net,1-412-252-0823,06857
Leila,enim@Maurisquis.org,1-287-222-7124,583358
Kato,mattis@convallisdolorQuisque.ca,1-304-986-6266,88469
Ainsley,amet.orci.Ut@rutrum.edu,1-306-119-4507,77203
Luke,vitae.erat.Vivamus@diam.org,1-323-431-2839,721399
Cruz,habitant@netus.co.uk,1-676-683-4693,2320
Stephen,vel.venenatis@bibendumDonecfelis.org,1-698-450-8790,1307
Jordan,blandit@congue.ca,1-481-567-1618,87666
Wayne,mauris@musProin.edu,1-995-947-4565,3998
Raymond,eget@nonummy.org,1-963-470-8765,2823
Ashely,Ut.tincidunt@Utnecurna.com,1-963-561-2009,91077
Carlos,purus.sapien.gravida@nullamagnamalesuada.co.uk,1-361-875-4338,764728
Hu,ridiculus.mus.Proin@utsemNulla.org,1-865-725-9132,IL59 6AQ
Fatima,euismod.et.commodo@et.co.uk,1-390-153-7985,620881
Kelly,Donec@Etiam.edu,1-599-846-6579,83555
Tatyana,nisi@esttempor.ca,1-503-532-8398,54270
Zenaida,Pellentesque.tincidunt.tempus@arcu.edu,1-187-188-0216,00139-127
Keelie,pede.Cum.sociis@ultricesposuere.ca,1-204-665-6767,71014
Aretha,semper@auctornon.edu,1-182-425-4316,6845
Leo,Mauris.vel@ac.co.uk,1-846-354-7661,9155
Austin,Praesent.luctus@fermentumrisusat.ca,1-902-560-4907,99011
Quon,nisi.Aenean@Nulla.com,1-809-524-4426,5122
Leslie,lacus@SuspendissesagittisNullam.ca,1-163-997-4398,240464
Brianna,mi.pede@pharetrafelis.net,1-720-507-4738,6913
Barbara,vulputate.lacus@temporarcuVestibulum.co.uk,1-944-294-4512,30313
Sophia,non.lorem@maurisaliquameu.net,1-146-625-1433,L9V 3S4
Burton,fermentum.convallis.ligula@bibendumullamcorper.edu,1-616-579-0385,8329
Flavia,massa.Vestibulum@semegetmassa.co.uk,1-646-682-5610,552217
Ignatius,at.auctor.ullamcorper@tincidunt.org,1-411-589-0456,60915
Zorita,viverra.Maecenas@elitfermentumrisus.edu,1-834-386-6919,T7G 9L6
Maia,aliquet.diam@netus.ca,1-348-976-6648,526213
Illana,at@FuscefeugiatLorem.co.uk,1-214-810-0734,77-195
Kalia,tincidunt.pede@magnaDuis.co.uk,1-731-770-5811,74079
Daphne,nisi.magna.sed@seddictumeleifend.edu,1-828-539-6396,60809
Levi,eleifend.Cras.sed@infaucibus.co.uk,1-286-431-8556,11607
Cain,sapien.Nunc@etipsum.ca,1-530-467-8223,66875
Finn,tellus.non.magna@inhendreritconsectetuer.co.uk,1-847-800-6352,887216
Rina,dapibus.rutrum.justo@ipsumSuspendissenon.net,1-105-464-7412,424912
Madison,In.nec@tinciduntadipiscing.ca,1-158-471-4851,59000
Joy,ullamcorper@ultricies.co.uk,1-365-362-5227,32111
Rina,cursus@blandit.org,1-531-327-8574,8448
Carter,luctus.ut@Praesenteu.ca,1-142-256-9656,69631
Mikayla,mauris.sit.amet@Aeneanegestas.ca,1-455-343-6647,824336
Edan,ipsum@Duisdignissimtempor.com,1-321-901-8623,8760
John,Mauris.vestibulum.neque@tristiquesenectus.co.uk,1-294-989-3509,78592
Althea,tempus@sagittis.ca,1-270-888-2771,32886
Cameran,et@Fusce.org,1-801-277-6365,86674
Cameran,vel.arcu@tristiquepellentesquetellus.net,1-914-323-0572,30334
Ursula,ipsum.ac.mi@semperduilectus.com,1-214-774-9321,47509
Dale,metus@orciadipiscing.org,1-303-898-3549,9144
Quinlan,Curabitur.ut.odio@liberoestcongue.edu,1-370-752-2707,25-503
Lev,blandit@malesuada.com,1-208-718-8186,03310
Marsden,neque.pellentesque@Integer.co.uk,1-136-209-3378,891415
Rinah,iaculis.odio@etmagnis.com,1-784-794-5494,816418
Bruno,sagittis@primis.com,1-971-839-3544,TY7 9LH
Madeson,vel@etmagnis.ca,1-886-880-4913,11510
Myles,Proin.mi.Aliquam@tristiquealiquetPhasellus.co.uk,1-314-873-3409,98378
Keiko,congue.elit.sed@elitelitfermentum.com,1-792-945-3574,1990
Vaughan,eu.sem.Pellentesque@pretiumaliquetmetus.org,1-579-162-3470,31357
Karina,lectus.a.sollicitudin@molestie.ca,1-967-381-2948,1597
Lionel,parturient.montes.nascetur@elit.com,1-425-310-1589,C5N 1V2
Dorothy,Mauris.vestibulum@acturpisegestas.net,1-416-933-5296,S8V 3G9
Name,Email,Phone,Zip Code
Berk,elementum.dui@nonarcu.org,1-286-988-5420,8063
Rudyard,nec@arcu.ca,1-295-274-1446,3453
Shafira,feugiat.placerat@mollis.edu,1-446-837-3752,55-271
Xandra,Mauris.magna@ac.ca,1-739-863-0889,9007
Gretchen,ante.dictum@Uttincidunt.ca,1-917-729-6789,62899
Hashim,tempus@ipsumdolor.org,1-891-909-4865,K7N 4Y3
Garrett,justo@diameudolor.org,1-816-153-1357,51165-852
Jillian,Integer.sem@Mauriseu.ca,1-533-712-6050,51407
Britanney,dui.nec.tempus@pretiumneque.edu,1-285-311-0414,96505
Orla,Cras@ridiculus.co.uk,1-138-129-7477,92436
Lucy,a.facilisis@Phasellusdapibus.ca,1-917-885-3059,1498
Nash,imperdiet.erat.nonummy@magnaa.edu,1-409-231-8303,83834
Galena,tortor.Integer.aliquam@elementumloremut.co.uk,1-327-210-0731,106734
Kitra,lorem.fringilla@risusDonecnibh.ca,1-773-667-8940,63720-146
Vladimir,neque.venenatis@acarcu.org,1-364-124-5059,40316
Stone,Proin@pharetra.edu,1-298-418-0279,43810
Lenore,tellus.sem@nisi.edu,1-108-631-0018,98007
Audra,massa@eget.net,1-760-497-4936,1956
Quynn,libero@milaciniamattis.ca,1-140-743-8034,20884
Coby,est.Nunc@ategestas.org,1-935-969-7153,09331
Dora,Duis.mi@dignissimpharetra.org,1-151-451-4545,05112
Garrison,diam@sem.org,1-530-459-6350,94827
Chaney,habitant@tellusAenean.co.uk,1-227-915-9594,16-660
Garrison,vestibulum.nec.euismod@ultrices.net,1-488-216-8685,4980
Dale,erat@penatibuset.net,1-290-290-4097,69148
Xenos,luctus@loremut.co.uk,1-917-296-3008,26646
Seth,augue.scelerisque.mollis@eu.net,1-552-598-2873,30153
Sophia,pede.Cras.vulputate@Integerurna.edu,1-831-813-9290,02340
Imelda,vulputate.risus@perinceptos.ca,1-410-293-9279,59532-784
Ava,Lorem.ipsum.dolor@eratvolutpat.com,1-510-128-9031,398886
Bert,elementum.lorem@nuncid.co.uk,1-507-456-3004,02931
Zeus,iaculis.aliquet@metusVivamuseuismod.org,1-251-755-8319,15073
September,mi.lacinia@venenatis.org,1-112-161-1510,3972AT
James,sodales.elit@erosnonenim.com,1-936-342-2467,21-829
Jermaine,dolor.tempus.non@leoelementumsem.com,1-177-224-6167,49-924
Harriet,nec@interdumenimnon.net,1-107-133-6269,739926
Anjolie,enim.condimentum.eget@aliquetmolestie.co.uk,1-166-507-3234,08758-684
Ryan,eu.eleifend@tinciduntnequevitae.edu,1-522-919-0305,5578
Tasha,gravida.mauris.ut@mattisvelit.net,1-412-252-0823,06857
Leila,enim@Maurisquis.org,1-287-222-7124,583358
Kato,mattis@convallisdolorQuisque.ca,1-304-986-6266,88469
Ainsley,amet.orci.Ut@rutrum.edu,1-306-119-4507,77203
Luke,vitae.erat.Vivamus@diam.org,1-323-431-2839,721399
Cruz,habitant@netus.co.uk,1-676-683-4693,2320
Stephen,vel.venenatis@bibendumDonecfelis.org,1-698-450-8790,1307
Jordan,blandit@congue.ca,1-481-567-1618,87666
Wayne,mauris@musProin.edu,1-995-947-4565,3998
Raymond,eget@nonummy.org,1-963-470-8765,2823
Ashely,Ut.tincidunt@Utnecurna.com,1-963-561-2009,91077
Carlos,purus.sapien.gravida@nullamagnamalesuada.co.uk,1-361-875-4338,764728
Hu,ridiculus.mus.Proin@utsemNulla.org,1-865-725-9132,IL59 6AQ
Fatima,euismod.et.commodo@et.co.uk,1-390-153-7985,620881
Kelly,Donec@Etiam.edu,1-599-846-6579,83555
Tatyana,nisi@esttempor.ca,1-503-532-8398,54270
Zenaida,Pellentesque.tincidunt.tempus@arcu.edu,1-187-188-0216,00139-127
Keelie,pede.Cum.sociis@ultricesposuere.ca,1-204-665-6767,71014
Aretha,semper@auctornon.edu,1-182-425-4316,6845
Leo,Mauris.vel@ac.co.uk,1-846-354-7661,9155
Austin,Praesent.luctus@fermentumrisusat.ca,1-902-560-4907,99011
Quon,nisi.Aenean@Nulla.com,1-809-524-4426,5122
Leslie,lacus@SuspendissesagittisNullam.ca,1-163-997-4398,240464
Brianna,mi.pede@pharetrafelis.net,1-720-507-4738,6913
Barbara,vulputate.lacus@temporarcuVestibulum.co.uk,1-944-294-4512,30313
Sophia,non.lorem@maurisaliquameu.net,1-146-625-1433,L9V 3S4
Burton,fermentum.convallis.ligula@bibendumullamcorper.edu,1-616-579-0385,8329
Flavia,massa.Vestibulum@semegetmassa.co.uk,1-646-682-5610,552217
Ignatius,at.auctor.ullamcorper@tincidunt.org,1-411-589-0456,60915
Zorita,viverra.Maecenas@elitfermentumrisus.edu,1-834-386-6919,T7G 9L6
Maia,aliquet.diam@netus.ca,1-348-976-6648,526213
Illana,at@FuscefeugiatLorem.co.uk,1-214-810-0734,77-195
Kalia,tincidunt.pede@magnaDuis.co.uk,1-731-770-5811,74079
Daphne,nisi.magna.sed@seddictumeleifend.edu,1-828-539-6396,60809
Levi,eleifend.Cras.sed@infaucibus.co.uk,1-286-431-8556,11607
Cain,sapien.Nunc@etipsum.ca,1-530-467-8223,66875
Finn,tellus.non.magna@inhendreritconsectetuer.co.uk,1-847-800-6352,887216
Rina,dapibus.rutrum.justo@ipsumSuspendissenon.net,1-105-464-7412,424912
Madison,In.nec@tinciduntadipiscing.ca,1-158-471-4851,59000
Joy,ullamcorper@ultricies.co.uk,1-365-362-5227,32111
Rina,cursus@blandit.org,1-531-327-8574,8448
Carter,luctus.ut@Praesenteu.ca,1-142-256-9656,69631
Mikayla,mauris.sit.amet@Aeneanegestas.ca,1-455-343-6647,824336
Edan,ipsum@Duisdignissimtempor.com,1-321-901-8623,8760
John,Mauris.vestibulum.neque@tristiquesenectus.co.uk,1-294-989-3509,78592
Althea,tempus@sagittis.ca,1-270-888-2771,32886
Cameran,et@Fusce.org,1-801-277-6365,86674
Cameran,vel.arcu@tristiquepellentesquetellus.net,1-914-323-0572,30334
Ursula,ipsum.ac.mi@semperduilectus.com,1-214-774-9321,47509
Dale,metus@orciadipiscing.org,1-303-898-3549,9144
Quinlan,Curabitur.ut.odio@liberoestcongue.edu,1-370-752-2707,25-503
Lev,blandit@malesuada.com,1-208-718-8186,03310
Marsden,neque.pellentesque@Integer.co.uk,1-136-209-3378,891415
Rinah,iaculis.odio@etmagnis.com,1-784-794-5494,816418
Bruno,sagittis@primis.com,1-971-839-3544,TY7 9LH
Madeson,vel@etmagnis.ca,1-886-880-4913,11510
Myles,Proin.mi.Aliquam@tristiquealiquetPhasellus.co.uk,1-314-873-3409,98378
Keiko,congue.elit.sed@elitelitfermentum.com,1-792-945-3574,1990
Vaughan,eu.sem.Pellentesque@pretiumaliquetmetus.org,1-579-162-3470,31357
Karina,lectus.a.sollicitudin@molestie.ca,1-967-381-2948,1597
Lionel,parturient.montes.nascetur@elit.com,1-425-310-1589,C5N 1V2
Dorothy,Mauris.vestibulum@acturpisegestas.net,1-416-933-5296,S8V 3G9
Name,Email,Phone,Zip Code
Berk,elementum.dui@nonarcu.org,1-286-988-5420,8063
Rudyard,nec@arcu.ca,1-295-274-1446,3453
Shafira,feugiat.placerat@mollis.edu,1-446-837-3752,55-271
Xandra,Mauris.magna@ac.ca,1-739-863-0889,9007
Gretchen,ante.dictum@Uttincidunt.ca,1-917-729-6789,62899
Hashim,tempus@ipsumdolor.org,1-891-909-4865,K7N 4Y3
Garrett,justo@diameudolor.org,1-816-153-1357,51165-852
Jillian,Integer.sem@Mauriseu.ca,1-533-712-6050,51407
Britanney,dui.nec.tempus@pretiumneque.edu,1-285-311-0414,96505
Orla,Cras@ridiculus.co.uk,1-138-129-7477,92436
Lucy,a.facilisis@Phasellusdapibus.ca,1-917-885-3059,1498
Nash,imperdiet.erat.nonummy@magnaa.edu,1-409-231-8303,83834
Galena,tortor.Integer.aliquam@elementumloremut.co.uk,1-327-210-0731,106734
Kitra,lorem.fringilla@risusDonecnibh.ca,1-773-667-8940,63720-146
Vladimir,neque.venenatis@acarcu.org,1-364-124-5059,40316
Stone,Proin@pharetra.edu,1-298-418-0279,43810
Lenore,tellus.sem@nisi.edu,1-108-631-0018,98007
Audra,massa@eget.net,1-760-497-4936,1956
Quynn,libero@milaciniamattis.ca,1-140-743-8034,20884
Coby,est.Nunc@ategestas.org,1-935-969-7153,09331
Dora,Duis.mi@dignissimpharetra.org,1-151-451-4545,05112
Garrison,diam@sem.org,1-530-459-6350,94827
Chaney,habitant@tellusAenean.co.uk,1-227-915-9594,16-660
Garrison,vestibulum.nec.euismod@ultrices.net,1-488-216-8685,4980
Dale,erat@penatibuset.net,1-290-290-4097,69148
Xenos,luctus@loremut.co.uk,1-917-296-3008,26646
Seth,augue.scelerisque.mollis@eu.net,1-552-598-2873,30153
Sophia,pede.Cras.vulputate@Integerurna.edu,1-831-813-9290,02340
Imelda,vulputate.risus@perinceptos.ca,1-410-293-9279,59532-784
Ava,Lorem.ipsum.dolor@eratvolutpat.com,1-510-128-9031,398886
Bert,elementum.lorem@nuncid.co.uk,1-507-456-3004,02931
Zeus,iaculis.aliquet@metusVivamuseuismod.org,1-251-755-8319,15073
September,mi.lacinia@venenatis.org,1-112-161-1510,3972AT
James,sodales.elit@erosnonenim.com,1-936-342-2467,21-829
Jermaine,dolor.tempus.non@leoelementumsem.com,1-177-224-6167,49-924
Harriet,nec@interdumenimnon.net,1-107-133-6269,739926
Anjolie,enim.condimentum.eget@aliquetmolestie.co.uk,1-166-507-3234,08758-684
Ryan,eu.eleifend@tinciduntnequevitae.edu,1-522-919-0305,5578
Tasha,gravida.mauris.ut@mattisvelit.net,1-412-252-0823,06857
Leila,enim@Maurisquis.org,1-287-222-7124,583358
Kato,mattis@convallisdolorQuisque.ca,1-304-986-6266,88469
Ainsley,amet.orci.Ut@rutrum.edu,1-306-119-4507,77203
Luke,vitae.erat.Vivamus@diam.org,1-323-431-2839,721399
Cruz,habitant@netus.co.uk,1-676-683-4693,2320
Stephen,vel.venenatis@bibendumDonecfelis.org,1-698-450-8790,1307
Jordan,blandit@congue.ca,1-481-567-1618,87666
Wayne,mauris@musProin.edu,1-995-947-4565,3998
Raymond,eget@nonummy.org,1-963-470-8765,2823
Ashely,Ut.tincidunt@Utnecurna.com,1-963-561-2009,91077
Carlos,purus.sapien.gravida@nullamagnamalesuada.co.uk,1-361-875-4338,764728
Hu,ridiculus.mus.Proin@utsemNulla.org,1-865-725-9132,IL59 6AQ
Fatima,euismod.et.commodo@et.co.uk,1-390-153-7985,620881
Kelly,Donec@Etiam.edu,1-599-846-6579,83555
Tatyana,nisi@esttempor.ca,1-503-532-8398,54270
Zenaida,Pellentesque.tincidunt.tempus@arcu.edu,1-187-188-0216,00139-127
Keelie,pede.Cum.sociis@ultricesposuere.ca,1-204-665-6767,71014
Aretha,semper@auctornon.edu,1-182-425-4316,6845
Leo,Mauris.vel@ac.co.uk,1-846-354-7661,9155
Austin,Praesent.luctus@fermentumrisusat.ca,1-902-560-4907,99011
Quon,nisi.Aenean@Nulla.com,1-809-524-4426,5122
Leslie,lacus@SuspendissesagittisNullam.ca,1-163-997-4398,240464
Brianna,mi.pede@pharetrafelis.net,1-720-507-4738,6913
Barbara,vulputate.lacus@temporarcuVestibulum.co.uk,1-944-294-4512,30313
Sophia,non.lorem@maurisaliquameu.net,1-146-625-1433,L9V 3S4
Burton,fermentum.convallis.ligula@bibendumullamcorper.edu,1-616-579-0385,8329
Flavia,massa.Vestibulum@semegetmassa.co.uk,1-646-682-5610,552217
Ignatius,at.auctor.ullamcorper@tincidunt.org,1-411-589-0456,60915
Zorita,viverra.Maecenas@elitfermentumrisus.edu,1-834-386-6919,T7G 9L6
Maia,aliquet.diam@netus.ca,1-348-976-6648,526213
Illana,at@FuscefeugiatLorem.co.uk,1-214-810-0734,77-195
Kalia,tincidunt.pede@magnaDuis.co.uk,1-731-770-5811,74079
Daphne,nisi.magna.sed@seddictumeleifend.edu,1-828-539-6396,60809
Levi,eleifend.Cras.sed@infaucibus.co.uk,1-286-431-8556,11607
Cain,sapien.Nunc@etipsum.ca,1-530-467-8223,66875
Finn,tellus.non.magna@inhendreritconsectetuer.co.uk,1-847-800-6352,887216
Rina,dapibus.rutrum.justo@ipsumSuspendissenon.net,1-105-464-7412,424912
Madison,In.nec@tinciduntadipiscing.ca,1-158-471-4851,59000
Joy,ullamcorper@ultricies.co.uk,1-365-362-5227,32111
Rina,cursus@blandit.org,1-531-327-8574,8448
Carter,luctus.ut@Praesenteu.ca,1-142-256-9656,69631
Mikayla,mauris.sit.amet@Aeneanegestas.ca,1-455-343-6647,824336
Edan,ipsum@Duisdignissimtempor.com,1-321-901-8623,8760
John,Mauris.vestibulum.neque@tristiquesenectus.co.uk,1-294-989-3509,78592
Althea,tempus@sagittis.ca,1-270-888-2771,32886
Cameran,et@Fusce.org,1-801-277-6365,86674
Cameran,vel.arcu@tristiquepellentesquetellus.net,1-914-323-0572,30334
Ursula,ipsum.ac.mi@semperduilectus.com,1-214-774-9321,47509
Dale,metus@orciadipiscing.org,1-303-898-3549,9144
Quinlan,Curabitur.ut.odio@liberoestcongue.edu,1-370-752-2707,25-503
Lev,blandit@malesuada.com,1-208-718-8186,03310
Marsden,neque.pellentesque@Integer.co.uk,1-136-209-3378,891415
Rinah,iaculis.odio@etmagnis.com,1-784-794-5494,816418
Bruno,sagittis@primis.com,1-971-839-3544,TY7 9LH
Madeson,vel@etmagnis.ca,1-886-880-4913,11510
Myles,Proin.mi.Aliquam@tristiquealiquetPhasellus.co.uk,1-314-873-3409,98378
Keiko,congue.elit.sed@elitelitfermentum.com,1-792-945-3574,1990
Vaughan,eu.sem.Pellentesque@pretiumaliquetmetus.org,1-579-162-3470,31357
Karina,lectus.a.sollicitudin@molestie.ca,1-967-381-2948,1597
Lionel,parturient.montes.nascetur@elit.com,1-425-310-1589,C5N 1V2
Dorothy,Mauris.vestibulum@acturpisegestas.net,1-416-933-5296,S8V 3G9
Name,Email,Phone,Zip Code
Berk,elementum.dui@nonarcu.org,1-286-988-5420,8063
Rudyard,nec@arcu.ca,1-295-274-1446,3453
Shafira,feugiat.placerat@mollis.edu,1-446-837-3752,55-271
Xandra,Mauris.magna@ac.ca,1-739-863-0889,9007
Gretchen,ante.dictum@Uttincidunt.ca,1-917-729-6789,62899
Hashim,tempus@ipsumdolor.org,1-891-909-4865,K7N 4Y3
Garrett,justo@diameudolor.org,1-816-153-1357,51165-852
Jillian,Integer.sem@Mauriseu.ca,1-533-712-6050,51407
Britanney,dui.nec.tempus@pretiumneque.edu,1-285-311-0414,96505
Orla,Cras@ridiculus.co.uk,1-138-129-7477,92436
Lucy,a.facilisis@Phasellusdapibus.ca,1-917-885-3059,1498
Nash,imperdiet.erat.nonummy@magnaa.edu,1-409-231-8303,83834
Galena,tortor.Integer.aliquam@elementumloremut.co.uk,1-327-210-0731,106734
Kitra,lorem.fringilla@risusDonecnibh.ca,1-773-667-8940,63720-146
Vladimir,neque.venenatis@acarcu.org,1-364-124-5059,40316
Stone,Proin@pharetra.edu,1-298-418-0279,43810
Lenore,tellus.sem@nisi.edu,1-108-631-0018,98007
Audra,massa@eget.net,1-760-497-4936,1956
Quynn,libero@milaciniamattis.ca,1-140-743-8034,20884
Coby,est.Nunc@ategestas.org,1-935-969-7153,09331
Dora,Duis.mi@dignissimpharetra.org,1-151-451-4545,05112
Garrison,diam@sem.org,1-530-459-6350,94827
Chaney,habitant@tellusAenean.co.uk,1-227-915-9594,16-660
Garrison,vestibulum.nec.euismod@ultrices.net,1-488-216-8685,4980
Dale,erat@penatibuset.net,1-290-290-4097,69148
Xenos,luctus@loremut.co.uk,1-917-296-3008,26646
Seth,augue.scelerisque.mollis@eu.net,1-552-598-2873,30153
Sophia,pede.Cras.vulputate@Integerurna.edu,1-831-813-9290,02340
Imelda,vulputate.risus@perinceptos.ca,1-410-293-9279,59532-784
Ava,Lorem.ipsum.dolor@eratvolutpat.com,1-510-128-9031,398886
Bert,elementum.lorem@nuncid.co.uk,1-507-456-3004,02931
Zeus,iaculis.aliquet@metusVivamuseuismod.org,1-251-755-8319,15073
September,mi.lacinia@venenatis.org,1-112-161-1510,3972AT
James,sodales.elit@erosnonenim.com,1-936-342-2467,21-829
Jermaine,dolor.tempus.non@leoelementumsem.com,1-177-224-6167,49-924
Harriet,nec@interdumenimnon.net,1-107-133-6269,739926
Anjolie,enim.condimentum.eget@aliquetmolestie.co.uk,1-166-507-3234,08758-684
Ryan,eu.eleifend@tinciduntnequevitae.edu,1-522-919-0305,5578
Tasha,gravida.mauris.ut@mattisvelit.net,1-412-252-0823,06857
Leila,enim@Maurisquis.org,1-287-222-7124,583358
Kato,mattis@convallisdolorQuisque.ca,1-304-986-6266,88469
Ainsley,amet.orci.Ut@rutrum.edu,1-306-119-4507,77203
Luke,vitae.erat.Vivamus@diam.org,1-323-431-2839,721399
Cruz,habitant@netus.co.uk,1-676-683-4693,2320
Stephen,vel.venenatis@bibendumDonecfelis.org,1-698-450-8790,1307
Jordan,blandit@congue.ca,1-481-567-1618,87666
Wayne,mauris@musProin.edu,1-995-947-4565,3998
Raymond,eget@nonummy.org,1-963-470-8765,2823
Ashely,Ut.tincidunt@Utnecurna.com,1-963-561-2009,91077
Carlos,purus.sapien.gravida@nullamagnamalesuada.co.uk,1-361-875-4338,764728
Hu,ridiculus.mus.Proin@utsemNulla.org,1-865-725-9132,IL59 6AQ
Fatima,euismod.et.commodo@et.co.uk,1-390-153-7985,620881
Kelly,Donec@Etiam.edu,1-599-846-6579,83555
Tatyana,nisi@esttempor.ca,1-503-532-8398,54270
Zenaida,Pellentesque.tincidunt.tempus@arcu.edu,1-187-188-0216,00139-127
Keelie,pede.Cum.sociis@ultricesposuere.ca,1-204-665-6767,71014
Aretha,semper@auctornon.edu,1-182-425-4316,6845
Leo,Mauris.vel@ac.co.uk,1-846-354-7661,9155
Austin,Praesent.luctus@fermentumrisusat.ca,1-902-560-4907,99011
Quon,nisi.Aenean@Nulla.com,1-809-524-4426,5122
Leslie,lacus@SuspendissesagittisNullam.ca,1-163-997-4398,240464
Brianna,mi.pede@pharetrafelis.net,1-720-507-4738,6913
Barbara,vulputate.lacus@temporarcuVestibulum.co.uk,1-944-294-4512,30313
Sophia,non.lorem@maurisaliquameu.net,1-146-625-1433,L9V 3S4
Burton,fermentum.convallis.ligula@bibendumullamcorper.edu,1-616-579-0385,8329
Flavia,massa.Vestibulum@semegetmassa.co.uk,1-646-682-5610,552217
Ignatius,at.auctor.ullamcorper@tincidunt.org,1-411-589-0456,60915
Zorita,viverra.Maecenas@elitfermentumrisus.edu,1-834-386-6919,T7G 9L6
Maia,aliquet.diam@netus.ca,1-348-976-6648,526213
Illana,at@FuscefeugiatLorem.co.uk,1-214-810-0734,77-195
Kalia,tincidunt.pede@magnaDuis.co.uk,1-731-770-5811,74079
Daphne,nisi.magna.sed@seddictumeleifend.edu,1-828-539-6396,60809
Levi,eleifend.Cras.sed@infaucibus.co.uk,1-286-431-8556,11607
Cain,sapien.Nunc@etipsum.ca,1-530-467-8223,66875
Finn,tellus.non.magna@inhendreritconsectetuer.co.uk,1-847-800-6352,887216
Rina,dapibus.rutrum.justo@ipsumSuspendissenon.net,1-105-464-7412,424912
Madison,In.nec@tinciduntadipiscing.ca,1-158-471-4851,59000
Joy,ullamcorper@ultricies.co.uk,1-365-362-5227,32111
Rina,cursus@blandit.org,1-531-327-8574,8448
Carter,luctus.ut@Praesenteu.ca,1-142-256-9656,69631
Mikayla,mauris.sit.amet@Aeneanegestas.ca,1-455-343-6647,824336
Edan,ipsum@Duisdignissimtempor.com,1-321-901-8623,8760
John,Mauris.vestibulum.neque@tristiquesenectus.co.uk,1-294-989-3509,78592
Althea,tempus@sagittis.ca,1-270-888-2771,32886
Cameran,et@Fusce.org,1-801-277-6365,86674
Cameran,vel.arcu@tristiquepellentesquetellus.net,1-914-323-0572,30334
Ursula,ipsum.ac.mi@semperduilectus.com,1-214-774-9321,47509
Dale,metus@orciadipiscing.org,1-303-898-3549,9144
Quinlan,Curabitur.ut.odio@liberoestcongue.edu,1-370-752-2707,25-503
Lev,blandit@malesuada.com,1-208-718-8186,03310
Marsden,neque.pellentesque@Integer.co.uk,1-136-209-3378,891415
Rinah,iaculis.odio@etmagnis.com,1-784-794-5494,816418
Bruno,sagittis@primis.com,1-971-839-3544,TY7 9LH
Madeson,vel@etmagnis.ca,1-886-880-4913,11510
Myles,Proin.mi.Aliquam@tristiquealiquetPhasellus.co.uk,1-314-873-3409,98378
Keiko,congue.elit.sed@elitelitfermentum.com,1-792-945-3574,1990
Vaughan,eu.sem.Pellentesque@pretiumaliquetmetus.org,1-579-162-3470,31357
Karina,lectus.a.sollicitudin@molestie.ca,1-967-381-2948,1597
Lionel,parturient.montes.nascetur@elit.com,1-425-310-1589,C5N 1V2
Dorothy,Mauris.vestibulum@acturpisegestas.net,1-416-933-5296,S8V 3G9
Name,Email,Phone,Zip Code
Berk,elementum.dui@nonarcu.org,1-286-988-5420,8063
Rudyard,nec@arcu.ca,1-295-274-1446,3453
Shafira,feugiat.placerat@mollis.edu,1-446-837-3752,55-271
Xandra,Mauris.magna@ac.ca,1-739-863-0889,9007
Gretchen,ante.dictum@Uttincidunt.ca,1-917-729-6789,62899
Hashim,tempus@ipsumdolor.org,1-891-909-4865,K7N 4Y3
Garrett,justo@diameudolor.org,1-816-153-1357,51165-852
Jillian,Integer.sem@Mauriseu.ca,1-533-712-6050,51407
Britanney,dui.nec.tempus@pretiumneque.edu,1-285-311-0414,96505
Orla,Cras@ridiculus.co.uk,1-138-129-7477,92436
Lucy,a.facilisis@Phasellusdapibus.ca,1-917-885-3059,1498
Nash,imperdiet.erat.nonummy@magnaa.edu,1-409-231-8303,83834
Galena,tortor.Integer.aliquam@elementumloremut.co.uk,1-327-210-0731,106734
Kitra,lorem.fringilla@risusDonecnibh.ca,1-773-667-8940,63720-146
Vladimir,neque.venenatis@acarcu.org,1-364-124-5059,40316
Stone,Proin@pharetra.edu,1-298-418-0279,43810
Lenore,tellus.sem@nisi.edu,1-108-631-0018,98007
Audra,massa@eget.net,1-760-497-4936,1956
Quynn,libero@milaciniamattis.ca,1-140-743-8034,20884
Coby,est.Nunc@ategestas.org,1-935-969-7153,09331
Dora,Duis.mi@dignissimpharetra.org,1-151-451-4545,05112
Garrison,diam@sem.org,1-530-459-6350,94827
Chaney,habitant@tellusAenean.co.uk,1-227-915-9594,16-660
Garrison,vestibulum.nec.euismod@ultrices.net,1-488-216-8685,4980
Dale,erat@penatibuset.net,1-290-290-4097,69148
Xenos,luctus@loremut.co.uk,1-917-296-3008,26646
Seth,augue.scelerisque.mollis@eu.net,1-552-598-2873,30153
Sophia,pede.Cras.vulputate@Integerurna.edu,1-831-813-9290,02340
Imelda,vulputate.risus@perinceptos.ca,1-410-293-9279,59532-784
Ava,Lorem.ipsum.dolor@eratvolutpat.com,1-510-128-9031,398886
Bert,elementum.lorem@nuncid.co.uk,1-507-456-3004,02931
Zeus,iaculis.aliquet@metusVivamuseuismod.org,1-251-755-8319,15073
September,mi.lacinia@venenatis.org,1-112-161-1510,3972AT
James,sodales.elit@erosnonenim.com,1-936-342-2467,21-829
Jermaine,dolor.tempus.non@leoelementumsem.com,1-177-224-6167,49-924
Harriet,nec@interdumenimnon.net,1-107-133-6269,739926
Anjolie,enim.condimentum.eget@aliquetmolestie.co.uk,1-166-507-3234,08758-684
Ryan,eu.eleifend@tinciduntnequevitae.edu,1-522-919-0305,5578
Tasha,gravida.mauris.ut@mattisvelit.net,1-412-252-0823,06857
Leila,enim@Maurisquis.org,1-287-222-7124,583358
Kato,mattis@convallisdolorQuisque.ca,1-304-986-6266,88469
Ainsley,amet.orci.Ut@rutrum.edu,1-306-119-4507,77203
Luke,vitae.erat.Vivamus@diam.org,1-323-431-2839,721399
Cruz,habitant@netus.co.uk,1-676-683-4693,2320
Stephen,vel.venenatis@bibendumDonecfelis.org,1-698-450-8790,1307
Jordan,blandit@congue.ca,1-481-567-1618,87666
Wayne,mauris@musProin.edu,1-995-947-4565,3998
Raymond,eget@nonummy.org,1-963-470-8765,2823
Ashely,Ut.tincidunt@Utnecurna.com,1-963-561-2009,91077
Carlos,purus.sapien.gravida@nullamagnamalesuada.co.uk,1-361-875-4338,764728
Hu,ridiculus.mus.Proin@utsemNulla.org,1-865-725-9132,IL59 6AQ
Fatima,euismod.et.commodo@et.co.uk,1-390-153-7985,620881
Kelly,Donec@Etiam.edu,1-599-846-6579,83555
Tatyana,nisi@esttempor.ca,1-503-532-8398,54270
Zenaida,Pellentesque.tincidunt.tempus@arcu.edu,1-187-188-0216,00139-127
Keelie,pede.Cum.sociis@ultricesposuere.ca,1-204-665-6767,71014
Aretha,semper@auctornon.edu,1-182-425-4316,6845
Leo,Mauris.vel@ac.co.uk,1-846-354-7661,9155
Austin,Praesent.luctus@fermentumrisusat.ca,1-902-560-4907,99011
Quon,nisi.Aenean@Nulla.com,1-809-524-4426,5122
Leslie,lacus@SuspendissesagittisNullam.ca,1-163-997-4398,240464
Brianna,mi.pede@pharetrafelis.net,1-720-507-4738,6913
Barbara,vulputate.lacus@temporarcuVestibulum.co.uk,1-944-294-4512,30313
Sophia,non.lorem@maurisaliquameu.net,1-146-625-1433,L9V 3S4
Burton,fermentum.convallis.ligula@bibendumullamcorper.edu,1-616-579-0385,8329
Flavia,massa.Vestibulum@semegetmassa.co.uk,1-646-682-5610,552217
Ignatius,at.auctor.ullamcorper@tincidunt.org,1-411-589-0456,60915
Zorita,viverra.Maecenas@elitfermentumrisus.edu,1-834-386-6919,T7G 9L6
Maia,aliquet.diam@netus.ca,1-348-976-6648,526213
Illana,at@FuscefeugiatLorem.co.uk,1-214-810-0734,77-195
Kalia,tincidunt.pede@magnaDuis.co.uk,1-731-770-5811,74079
Daphne,nisi.magna.sed@seddictumeleifend.edu,1-828-539-6396,60809
Levi,eleifend.Cras.sed@infaucibus.co.uk,1-286-431-8556,11607
Cain,sapien.Nunc@etipsum.ca,1-530-467-8223,66875
Finn,tellus.non.magna@inhendreritconsectetuer.co.uk,1-847-800-6352,887216
Rina,dapibus.rutrum.justo@ipsumSuspendissenon.net,1-105-464-7412,424912
Madison,In.nec@tinciduntadipiscing.ca,1-158-471-4851,59000
Joy,ullamcorper@ultricies.co.uk,1-365-362-5227,32111
Rina,cursus@blandit.org,1-531-327-8574,8448
Carter,luctus.ut@Praesenteu.ca,1-142-256-9656,69631
Mikayla,mauris.sit.amet@Aeneanegestas.ca,1-455-343-6647,824336
Edan,ipsum@Duisdignissimtempor.com,1-321-901-8623,8760
John,Mauris.vestibulum.neque@tristiquesenectus.co.uk,1-294-989-3509,78592
Althea,tempus@sagittis.ca,1-270-888-2771,32886
Cameran,et@Fusce.org,1-801-277-6365,86674
Cameran,vel.arcu@tristiquepellentesquetellus.net,1-914-323-0572,30334
Ursula,ipsum.ac.mi@semperduilectus.com,1-214-774-9321,47509
Dale,metus@orciadipiscing.org,1-303-898-3549,9144
Quinlan,Curabitur.ut.odio@liberoestcongue.edu,1-370-752-2707,25-503
Lev,blandit@malesuada.com,1-208-718-8186,03310
Marsden,neque.pellentesque@Integer.co.uk,1-136-209-3378,891415
Rinah,iaculis.odio@etmagnis.com,1-784-794-5494,816418
Bruno,sagittis@primis.com,1-971-839-3544,TY7 9LH
Madeson,vel@etmagnis.ca,1-886-880-4913,11510
Myles,Proin.mi.Aliquam@tristiquealiquetPhasellus.co.uk,1-314-873-3409,98378
Keiko,congue.elit.sed@elitelitfermentum.com,1-792-945-3574,1990
Vaughan,eu.sem.Pellentesque@pretiumaliquetmetus.org,1-579-162-3470,31357
Karina,lectus.a.sollicitudin@molestie.ca,1-967-381-2948,1597
Lionel,parturient.montes.nascetur@elit.com,1-425-310-1589,C5N 1V2
Dorothy,Mauris.vestibulum@acturpisegestas.net,1-416-933-5296,S8V 3G9
Name,Email,Phone,Zip Code
Berk,elementum.dui@nonarcu.org,1-286-988-5420,8063
Rudyard,nec@arcu.ca,1-295-274-1446,3453
Shafira,feugiat.placerat@mollis.edu,1-446-837-3752,55-271
Xandra,Mauris.magna@ac.ca,1-739-863-0889,9007
Gretchen,ante.dictum@Uttincidunt.ca,1-917-729-6789,62899
Hashim,tempus@ipsumdolor.org,1-891-909-4865,K7N 4Y3
Garrett,justo@diameudolor.org,1-816-153-1357,51165-852
Jillian,Integer.sem@Mauriseu.ca,1-533-712-6050,51407
Britanney,dui.nec.tempus@pretiumneque.edu,1-285-311-0414,96505
Orla,Cras@ridiculus.co.uk,1-138-129-7477,92436
Lucy,a.facilisis@Phasellusdapibus.ca,1-917-885-3059,1498
Nash,imperdiet.erat.nonummy@magnaa.edu,1-409-231-8303,83834
Galena,tortor.Integer.aliquam@elementumloremut.co.uk,1-327-210-0731,106734
Kitra,lorem.fringilla@risusDonecnibh.ca,1-773-667-8940,63720-146
Vladimir,neque.venenatis@acarcu.org,1-364-124-5059,40316
Stone,Proin@pharetra.edu,1-298-418-0279,43810
Lenore,tellus.sem@nisi.edu,1-108-631-0018,98007
Audra,massa@eget.net,1-760-497-4936,1956
Quynn,libero@milaciniamattis.ca,1-140-743-8034,20884
Coby,est.Nunc@ategestas.org,1-935-969-7153,09331
Dora,Duis.mi@dignissimpharetra.org,1-151-451-4545,05112
Garrison,diam@sem.org,1-530-459-6350,94827
Chaney,habitant@tellusAenean.co.uk,1-227-915-9594,16-660
Garrison,vestibulum.nec.euismod@ultrices.net,1-488-216-8685,4980
Dale,erat@penatibuset.net,1-290-290-4097,69148
Xenos,luctus@loremut.co.uk,1-917-296-3008,26646
Seth,augue.scelerisque.mollis@eu.net,1-552-598-2873,30153
Sophia,pede.Cras.vulputate@Integerurna.edu,1-831-813-9290,02340
Imelda,vulputate.risus@perinceptos.ca,1-410-293-9279,59532-784
Ava,Lorem.ipsum.dolor@eratvolutpat.com,1-510-128-9031,398886
Bert,elementum.lorem@nuncid.co.uk,1-507-456-3004,02931
Zeus,iaculis.aliquet@metusVivamuseuismod.org,1-251-755-8319,15073
September,mi.lacinia@venenatis.org,1-112-161-1510,3972AT
James,sodales.elit@erosnonenim.com,1-936-342-2467,21-829
Jermaine,dolor.tempus.non@leoelementumsem.com,1-177-224-6167,49-924
Harriet,nec@interdumenimnon.net,1-107-133-6269,739926
Anjolie,enim.condimentum.eget@aliquetmolestie.co.uk,1-166-507-3234,08758-684
Ryan,eu.eleifend@tinciduntnequevitae.edu,1-522-919-0305,5578
Tasha,gravida.mauris.ut@mattisvelit.net,1-412-252-0823,06857
Leila,enim@Maurisquis.org,1-287-222-7124,583358
Kato,mattis@convallisdolorQuisque.ca,1-304-986-6266,88469
Ainsley,amet.orci.Ut@rutrum.edu,1-306-119-4507,77203
Luke,vitae.erat.Vivamus@diam.org,1-323-431-2839,721399
Cruz,habitant@netus.co.uk,1-676-683-4693,2320
Stephen,vel.venenatis@bibendumDonecfelis.org,1-698-450-8790,1307
Jordan,blandit@congue.ca,1-481-567-1618,87666
Wayne,mauris@musProin.edu,1-995-947-4565,3998
Raymond,eget@nonummy.org,1-963-470-8765,2823
Ashely,Ut.tincidunt@Utnecurna.com,1-963-561-2009,91077
Carlos,purus.sapien.gravida@nullamagnamalesuada.co.uk,1-361-875-4338,764728
Hu,ridiculus.mus.Proin@utsemNulla.org,1-865-725-9132,IL59 6AQ
Fatima,euismod.et.commodo@et.co.uk,1-390-153-7985,620881
Kelly,Donec@Etiam.edu,1-599-846-6579,83555
Tatyana,nisi@esttempor.ca,1-503-532-8398,54270
Zenaida,Pellentesque.tincidunt.tempus@arcu.edu,1-187-188-0216,00139-127
Keelie,pede.Cum.sociis@ultricesposuere.ca,1-204-665-6767,71014
Aretha,semper@auctornon.edu,1-182-425-4316,6845
Leo,Mauris.vel@ac.co.uk,1-846-354-7661,9155
Austin,Praesent.luctus@fermentumrisusat.ca,1-902-560-4907,99011
Quon,nisi.Aenean@Nulla.com,1-809-524-4426,5122
Leslie,lacus@SuspendissesagittisNullam.ca,1-163-997-4398,240464
Brianna,mi.pede@pharetrafelis.net,1-720-507-4738,6913
Barbara,vulputate.lacus@temporarcuVestibulum.co.uk,1-944-294-4512,30313
Sophia,non.lorem@maurisaliquameu.net,1-146-625-1433,L9V 3S4
Burton,fermentum.convallis.ligula@bibendumullamcorper.edu,1-616-579-0385,8329
Flavia,massa.Vestibulum@semegetmassa.co.uk,1-646-682-5610,552217
Ignatius,at.auctor.ullamcorper@tincidunt.org,1-411-589-0456,60915
Zorita,viverra.Maecenas@elitfermentumrisus.edu,1-834-386-6919,T7G 9L6
Maia,aliquet.diam@netus.ca,1-348-976-6648,526213
Illana,at@FuscefeugiatLorem.co.uk,1-214-810-0734,77-195
Kalia,tincidunt.pede@magnaDuis.co.uk,1-731-770-5811,74079
Daphne,nisi.magna.sed@seddictumeleifend.edu,1-828-539-6396,60809
Levi,eleifend.Cras.sed@infaucibus.co.uk,1-286-431-8556,11607
Cain,sapien.Nunc@etipsum.ca,1-530-467-8223,66875
Finn,tellus.non.magna@inhendreritconsectetuer.co.uk,1-847-800-6352,887216
Rina,dapibus.rutrum.justo@ipsumSuspendissenon.net,1-105-464-7412,424912
Madison,In.nec@tinciduntadipiscing.ca,1-158-471-4851,59000
Joy,ullamcorper@ultricies.co.uk,1-365-362-5227,32111
Rina,cursus@blandit.org,1-531-327-8574,8448
Carter,luctus.ut@Praesenteu.ca,1-142-256-9656,69631
Mikayla,mauris.sit.amet@Aeneanegestas.ca,1-455-343-6647,824336
Edan,ipsum@Duisdignissimtempor.com,1-321-901-8623,8760
John,Mauris.vestibulum.neque@tristiquesenectus.co.uk,1-294-989-3509,78592
Althea,tempus@sagittis.ca,1-270-888-2771,32886
Cameran,et@Fusce.org,1-801-277-6365,86674
Cameran,vel.arcu@tristiquepellentesquetellus.net,1-914-323-0572,30334
Ursula,ipsum.ac.mi@semperduilectus.com,1-214-774-9321,47509
Dale,metus@orciadipiscing.org,1-303-898-3549,9144
Quinlan,Curabitur.ut.odio@liberoestcongue.edu,1-370-752-2707,25-503
Lev,blandit@malesuada.com,1-208-718-8186,03310
Marsden,neque.pellentesque@Integer.co.uk,1-136-209-3378,891415
Rinah,iaculis.odio@etmagnis.com,1-784-794-5494,816418
Bruno,sagittis@primis.com,1-971-839-3544,TY7 9LH
Madeson,vel@etmagnis.ca,1-886-880-4913,11510
Myles,Proin.mi.Aliquam@tristiquealiquetPhasellus.co.uk,1-314-873-3409,98378
Keiko,congue.elit.sed@elitelitfermentum.com,1-792-945-3574,1990
Vaughan,eu.sem.Pellentesque@pretiumaliquetmetus.org,1-579-162-3470,31357
Karina,lectus.a.sollicitudin@molestie.ca,1-967-381-2948,1597
Lionel,parturient.montes.nascetur@elit.com,1-425-310-1589,C5N 1V2
Dorothy,Mauris.vestibulum@acturpisegestas.net,1-416-933-5296,S8V 3G9